curso,leccion,titulo,legibilidad,nivel,frases_largas,parrafos_largos,siglas,urls_en_texto,enlaces_genericos,recursos_sin_que_buscar,palabras_esencial,ejemplo_frase
back_home_en,M1 U01,Your repatriation record and your CURP: the first two papers,72.6,fácil,1,0,,0,0,0,175,"If you were sent back from the United States, the National Migration Institute (INM) gave you a Record of Reception of Repatriated Mexicans (Constancia de Recepción de Mexicanos Repatriados)."
back_home_en,M1 U02,Your birth certificate and your INE,82.0,fácil,0,0,,0,0,0,160,
back_home_en,M1 U03,Papers for your children born in the United States,70.3,fácil,0,0,,0,0,0,146,
back_home_en,M2 U01,Your returnee cards,77.0,fácil,0,0,,0,0,0,131,
back_home_en,M2 U02,Choose an account with no fees,81.0,fácil,0,0,,0,0,0,102,
back_home_en,M2 U03,"Getting paid, paying and disputing",92.2,fácil,0,0,,0,0,0,108,
back_home_en,M3 U01,Your U.S. credit history doesn't count here,83.3,fácil,0,0,,0,0,0,147,
back_home_en,M3 U02,Start small and pay on time,81.8,fácil,0,0,,0,0,0,131,
back_home_en,M3 U03,«No credit check» loans and apps that overcharge,79.7,fácil,0,0,,0,0,0,131,
back_home_en,M4 U01,Your last paycheck and your account back there,82.6,fácil,0,0,,0,0,0,151,
back_home_en,M4 U02,Your U.S. taxes,81.7,fácil,0,0,,0,0,0,132,
back_home_en,M4 U03,Your U.S. retirement: 401(k) and Social Security,73.9,fácil,0,0,,0,0,0,150,
back_home_en,M5 U01,Do you have an Afore? Find it,79.2,fácil,0,0,,0,0,0,124,
back_home_en,M5 U02,Your contribution weeks,90.3,fácil,0,0,,0,0,0,129,
back_home_en,M5 U03,Save for retirement even if you're self-employed,69.0,normal,0,0,,0,0,0,109,
back_home_en,M6 U01,Think in pesos: your return budget,88.1,fácil,0,0,,0,0,0,114,
back_home_en,M6 U02,Welcome-home obligations,86.8,fácil,0,0,,0,0,0,125,
back_home_en,M6 U03,When the remittances stop,74.0,fácil,0,0,,0,0,0,115,
back_home_en,M7 U01,What you know how to do has value,81.3,fácil,0,0,,0,0,0,119,
back_home_en,M7 U02,Compare offers: wages and benefits,76.7,fácil,0,0,,0,0,0,100,
back_home_en,M7 U03,A small business without risking your savings,77.2,fácil,0,0,,0,0,0,124,
back_home_en,M8 U01,Fake fixers,75.5,fácil,0,0,,0,0,0,143,
back_home_en,M8 U02,Fraud and extortion against people who return,79.2,fácil,0,0,,0,0,0,106,
back_home_en,M8 U03,Your return plan on one page,93.6,fácil,0,0,,0,0,0,86,
tu_autonomia,M1 U01,Una cuenta a tu nombre,85.4,muy fácil,0,0,,0,0,1,115,
tu_autonomia,M1 U02,Tus documentos y tus bienes a tu nombre,79.2,bastante fácil,0,0,,0,0,0,108,
tu_autonomia,M1 U03,"Un dinero propio, aunque no tengas sueldo",86.8,muy fácil,0,0,,0,0,0,116,
tu_autonomia,M2 U01,Tu trabajo de cuidados vale,76.6,bastante fácil,0,0,,0,0,0,97,
tu_autonomia,M2 U02,"El presupuesto del hogar, con tu parte",84.5,muy fácil,0,0,,0,0,0,93,
tu_autonomia,M2 U03,Acuerdos de dinero que se cumplen,79.5,bastante fácil,0,0,,0,0,0,99,
tu_autonomia,M3 U01,La brecha de la Afore,76.0,bastante fácil,0,0,,0,0,0,114,
tu_autonomia,M3 U02,Las semanas que se pierden por cuidar,78.7,bastante fácil,0,0,,0,0,0,123,
tu_autonomia,M3 U03,"Aportaciones voluntarias: tu retiro, tu decisión",73.3,bastante fácil,0,0,,0,0,0,98,
tu_autonomia,M4 U01,Qué es la Pensión Mujeres Bienestar,78.7,bastante fácil,0,0,,0,0,0,101,
tu_autonomia,M4 U02,Que tu pensión sea para ti,84.6,muy fácil,0,0,,0,0,0,96,
tu_autonomia,M4 U03,"A los 65, el paso a la Pensión Adultos Mayores",75.6,bastante fácil,0,0,,0,0,1,95,
tu_autonomia,M5 U01,Un seguro de vida también para ti,73.4,bastante fácil,0,0,,0,0,1,111,
tu_autonomia,M5 U02,"Tu salud, protegida",65.9,bastante fácil,0,0,,0,0,1,96,
tu_autonomia,M5 U03,Revisa los seguros que ya pagas,80.1,muy fácil,0,0,,0,0,0,107,
tu_autonomia,M6 U01,Señales de violencia económica,79.9,bastante fácil,0,0,,0,0,0,109,
tu_autonomia,M6 U02,Tu plan de seguridad económica,81.8,muy fácil,0,0,,0,0,0,107,
tu_autonomia,M6 U03,Recuperar el control de tu dinero,76.9,bastante fácil,0,0,,0,0,2,96,
tu_autonomia,M7 U01,Qué cubre la pensión alimenticia,87.8,muy fácil,0,0,,0,0,1,122,
tu_autonomia,M7 U02,Si la pensión no llega,77.5,bastante fácil,0,0,,0,0,0,97,
tu_autonomia,M7 U03,Que la pensión rinda para tus hijos,80.5,muy fácil,0,0,,0,0,0,85,
tu_autonomia,M8 U01,El estrés por dinero también es salud,75.6,bastante fácil,0,0,,0,0,0,101,
tu_autonomia,M8 U02,Tres pasos pequeños,78.1,bastante fácil,0,0,,0,0,0,92,
tu_autonomia,M8 U03,Mi plan de autonomía,80.7,muy fácil,0,0,,0,0,0,95,
tu_comunidad,M1 U01,"Tu apoyo es tuyo, completo",81.3,muy fácil,0,0,,0,0,0,115,
tu_comunidad,M1 U02,Si alguien se queda con tu dinero,85.7,muy fácil,0,0,,0,0,0,107,
tu_comunidad,M2 U01,¿Por qué una cuenta a tu nombre?,87.4,muy fácil,0,0,,0,0,0,112,
tu_comunidad,M2 U02,Abrir y usar tu cuenta,79.7,bastante fácil,0,0,,0,0,1,107,
tu_comunidad,M3 U01,Recibir dinero sin perder,84.8,muy fácil,0,0,,0,0,1,114,
tu_comunidad,M3 U02,Mandar dinero a tu familia,77.1,bastante fácil,0,0,,0,0,0,92,
tu_comunidad,M4 U01,Reglas claras para ahorrar en grupo,83.6,muy fácil,0,0,,0,0,0,113,
tu_comunidad,M4 U02,"El dinero del grupo, seguro",84.6,muy fácil,0,0,,0,0,1,123,
tu_comunidad,M5 U01,Las llamadas que piden dinero,83.5,muy fácil,0,0,,0,0,0,103,
tu_comunidad,M5 U02,Apps de préstamo que te persiguen,77.7,bastante fácil,0,0,,0,0,0,94,
tu_comunidad,M6 U01,La lista de sucesión de tu tierra,85.3,muy fácil,0,0,,0,0,0,119,
tu_comunidad,M6 U02,Beneficiarios de tu cuenta,81.0,muy fácil,0,0,,0,0,0,88,
tu_comunidad,M7 U01,Que un funeral no endeude a tu familia,77.8,bastante fácil,0,0,,0,0,0,95,
tu_comunidad,M7 U02,Antes de contratar un seguro,70.9,bastante fácil,0,0,,0,0,1,93,
tu_costa,M1 U01,Antes de la temporada: tu plan de dinero,81.2,muy fácil,0,0,,0,0,0,120,
tu_costa,M1 U02,Después del huracán: sin prisas ni préstamos caros,82.0,muy fácil,0,0,,0,0,1,115,
tu_costa,M2 U01,Tus papeles en una bolsa,79.5,bastante fácil,0,0,,0,0,0,108,
tu_costa,M2 U02,Si perdiste tus papeles,79.7,bastante fácil,0,0,,0,0,2,108,
tu_costa,M3 U01,Tu calendario de ingresos,82.6,muy fácil,0,0,,0,0,0,119,
tu_costa,M3 U02,Aparta en la temporada buena,84.1,muy fácil,0,0,,0,0,0,96,
tu_costa,M4 U01,Tu fondo de emergencia,79.5,bastante fácil,0,0,,0,0,0,116,
tu_costa,M4 U02,¿Asegurar tu casa?,69.9,bastante fácil,0,0,,0,0,1,107,
tu_costa,M5 U01,El adelanto del comprador,80.5,muy fácil,0,0,,0,0,0,116,
tu_costa,M5 U02,Compara el costo total de un crédito,82.0,muy fácil,0,0,,0,0,1,99,
tu_costa,M6 U01,Tienes derecho a un trato digno,78.1,bastante fácil,0,0,,0,0,2,116,
tu_costa,M6 U02,Reclama con folio,87.8,muy fácil,0,0,,0,0,1,89,
tu_costa,M7 U01,Compara cómo te mandan el dinero,77.9,bastante fácil,0,0,,0,0,1,110,
tu_costa,M7 U02,Un plan para la remesa,85.6,muy fácil,0,0,,0,0,0,105,
tu_costa,M8 U01,Los papeles de tu casa y tu terreno,80.3,muy fácil,0,0,,0,0,2,139,
tu_costa,M8 U02,Que tu familia no pelee por lo tuyo,79.2,bastante fácil,0,0,,0,0,1,107,
tu_dinero_es,M1 U01,¿Todo el dinero que recibo es dinero que gané?,76.4,bastante fácil,1,0,,0,0,0,341,"viene de una app de adelantos de nómina o de tu patrón ""a cuenta"" de tu salario; alguien te dice que te lo prestó o que te lo ""depositó por error""; es una transferencia desde otra cuenta tuya; en tu estado de cuenta dice refund, reversal o "
tu_dinero_es,M1 U02,¿Por qué el mismo dinero ya no alcanza?,84.6,muy fácil,0,0,,0,0,0,317,
tu_dinero_es,M1 U03,¿Qué necesito cuidar primero?,75.7,bastante fácil,1,0,,0,0,0,305,"cada adulto tiene una pequeña cantidad para uso personal, sin tener que explicar en qué la usa; las compras grandes se deciden juntos; nadie firma deudas a nombre de otro sin su permiso."
tu_dinero_es,M1 U04,¿Cobrar cada semana es lo mismo que cobrar cada mes?,79.2,bastante fácil,0,0,,0,0,0,291,
tu_dinero_es,M1 U05,¿Por qué me depositan menos de lo que gané?,76.7,bastante fácil,0,0,,0,0,0,352,
tu_dinero_es,M1 U06,¿Una compra pequeña puede sumar mucho?,77.9,bastante fácil,1,0,,0,0,0,328,"cajeros de otro banco, que pueden cobrar dos veces: tu banco y el dueño del cajero; cuota mensual de la cuenta si no cumples un saldo mínimo; cargos por sobregiro."
tu_dinero_es,M1 U07,¿Por qué me falta dinero si este mes gano suficiente?,76.7,bastante fácil,2,0,,0,0,0,284,"una hoja de papel con 8 columnas, una por semana; el calendario de tu teléfono, con alertas en cada fecha de pago; las alertas de saldo bajo de la app de tu banco."
tu_dinero_es,M1 U08,¿Cómo decido para qué usar mi dinero?,78.1,bastante fácil,0,0,,0,0,0,280,
tu_dinero_es,M1 U09,¿Presentar impuestos significa que me devolverán dinero?,76.8,bastante fácil,0,0,,0,0,0,339,
tu_dinero_es,M1 U10,¿Todo lo que cobro por mi cuenta es para gastar?,72.2,bastante fácil,1,0,,0,0,0,286,"una licencia de negocio de tu ciudad; un permiso de vendedor si vendes productos, por ejemplo comida; un número de identificación del empleador (EIN) si contratas a alguien."
tu_dinero_es,M1 U11,¿Qué apoyos fiscales existen si declaro con ITIN?,72.1,bastante fácil,0,0,,0,0,0,271,
tu_dinero_es,M1 U12,¿Cómo elijo a alguien que me ayude con impuestos?,75.9,bastante fácil,1,0,,0,0,0,289,"promete ""el máximo reembolso garantizado"" antes de ver tus papeles; te pide firmar hojas en blanco; quiere que el reembolso llegue a su cuenta y no a la tuya; te sugiere inventar gastos o dependientes; no firma la declaración como preparado"
tu_dinero_es,M1 U13,¿Qué debo saber antes de pedir un apoyo público?,65.7,bastante fácil,0,0,,0,0,0,271,
tu_dinero_es,M1 U14,¿Cómo convierto lo aprendido en algo que sí puedo hacer?,76.5,bastante fácil,0,0,,0,0,0,283,
tu_dinero_es,M2 U01,¿Quién cuida mi dinero y quién me presta el servicio?,76.1,bastante fácil,0,0,,0,0,0,294,
tu_dinero_es,M2 U02,¿Una app de dinero es siempre un banco?,76.2,bastante fácil,0,0,,0,0,0,321,
tu_dinero_es,M2 U03,¿Qué identificación me sirve para trámites financieros?,71.0,bastante fácil,0,0,,0,0,0,262,
tu_dinero_es,M2 U04,¿Qué necesito para abrir una cuenta y cuánto cuesta mantenerla?,70.5,bastante fácil,0,0,,0,0,0,261,
tu_dinero_es,M2 U05,¿Todo el saldo que veo está libre para gastar?,75.8,bastante fácil,0,0,,0,0,0,245,
tu_dinero_es,M2 U06,¿Cómo apoyo a mi familia sin decidir a última hora?,79.0,bastante fácil,0,0,,0,0,0,268,
tu_dinero_es,M2 U07,¿Cuánto puedo enviar y cuándo?,81.8,muy fácil,0,0,,0,0,0,306,
tu_dinero_es,M2 U08,¿Sin comisión siempre llega más dinero?,78.6,bastante fácil,1,0,,0,0,0,252,evitas el impuesto de 1% por efectivo; muchas veces pagas menos comisión; tu familia recibe los pesos en su cuenta y no tiene que cargar efectivo en la calle.
tu_dinero_es,M2 U09,¿Qué reviso antes de enviar y qué hago si algo falla?,75.2,bastante fácil,1,0,,0,0,0,224,"la fecha en que el dinero estará disponible; el monto enviado, las comisiones y los impuestos; el tipo de cambio; el monto que recibirá tu familia; tus derechos para cancelar y reclamar, y a quién contactar."
tu_dinero_es,M2 U10,¿Qué pasa cuando pido prestado para enviar?,74.7,bastante fácil,0,0,,0,0,0,257,
tu_dinero_es,M2 U11,¿Cómo digo cuánto puedo ayudar sin prometer de más?,78.8,bastante fácil,1,0,,0,0,0,245,"ten un contacto de confianza para confirmar, como otro familiar; haz una pregunta que solo la familia sabría, por ejemplo el nombre de una mascota de la infancia; desconfía de números nuevos, de pedidos de pago con tarjetas de regalo o crip"
tu_dinero_es,M2 U12,¿Cómo ahorro para algo que se pagará en pesos?,79.2,bastante fácil,1,0,,0,0,0,250,la escritura: a nombre de quién está; el Registro Público de la Propiedad: que no tenga problemas; si se necesita un contrato o un documento ante notario que reconozca tu parte.
tu_dinero_es,M2 U13,¿Cómo junto cuenta y remesas en un solo plan?,72.1,bastante fácil,1,0,,0,0,0,234,tu ingreso baja 20% y llega una solicitud extraordinaria; tu cuenta pide un documento que no tienes; el tipo de cambio empeora; el envío tarda dos días más.
tu_dinero_es,M3 U01,¿Que me presten significa que puedo pagar?,81.2,muy fácil,0,0,,0,0,0,220,
tu_dinero_es,M3 U02,¿Cómo sé qué información usan sobre mis deudas?,74.8,bastante fácil,0,0,,0,0,0,268,
tu_dinero_es,M3 U03,¿Cómo empiezo si no tengo historial?,70.4,bastante fácil,0,1,,0,0,0,220,
tu_dinero_es,M3 U04,¿Mejorar mi crédito significa borrar todo?,75.6,bastante fácil,0,0,,0,0,0,234,
tu_dinero_es,M3 U05,¿Por qué un pago pequeño puede salir más caro?,82.2,muy fácil,0,0,,0,0,0,218,
tu_dinero_es,M3 U06,¿Por cuál deuda empiezo?,81.3,muy fácil,0,0,,0,0,0,256,
tu_dinero_es,M3 U07,¿Qué hago si sé que no podré pagar?,75.5,bastante fácil,0,0,,0,0,0,224,
tu_dinero_es,M3 U08,¿Firmar para ayudar puede dejarme una deuda?,80.5,muy fácil,0,2,,0,0,0,286,
tu_dinero_es,M3 U09,¿Una tanda me ayuda a construir crédito?,71.6,bastante fácil,0,0,,0,0,0,233,
tu_dinero_es,M3 U10,¿Cuál es mi siguiente paso con el crédito?,72.4,bastante fácil,1,0,,0,0,0,188,pon pagos automáticos del mínimo y paga el resto a mano; revisa tus reportes sin costo cada pocos meses; congela tu crédito si no planeas pedir préstamos pronto (M4 U04).
tu_dinero_es,M3 U11,¿Un adelanto de sueldo es dinero sin costo?,77.4,bastante fácil,0,0,,0,0,0,152,
tu_dinero_es,M3 U12,¿Empeñar es una buena salida?,82.3,muy fácil,0,0,,0,0,0,182,
tu_dinero_es,M4 U01,¿Por qué alguien insiste en que actúe ahora mismo?,76.7,bastante fácil,0,0,,0,0,0,246,
tu_dinero_es,M4 U02,¿Quién puede ayudarme de verdad con un trámite migratorio?,63.0,normal,1,0,,0,0,0,262,"exigen un pago inmediato para ""evitar una deportación"", ""liberar a un familiar"" o ""cancelar una multa""; piden pagar con tarjetas de regalo, criptomonedas, transferencias o apps; amenazan con arrestarte si cuelgas."
tu_dinero_es,M4 U03,¿Qué protege mis cuentas además de una contraseña?,75.2,bastante fácil,0,0,,0,0,0,212,
tu_dinero_es,M4 U04,¿Qué hago si ya compartí datos o veo algo extraño?,77.7,bastante fácil,0,0,,0,0,0,243,
tu_dinero_es,M4 U05,¿Hablar de dinero es lo mismo que controlar a alguien?,68.5,bastante fácil,0,0,,0,0,0,260,
tu_dinero_es,M4 U06,¿Para qué sirve separar un poco de dinero?,73.0,bastante fácil,0,0,,0,0,0,226,
tu_dinero_es,M4 U07,¿Tener seguro significa que ya no pagaré nada?,73.0,bastante fácil,0,0,,0,0,0,226,
tu_dinero_es,M4 U08,¿Este documento médico me está pidiendo pagar?,72.2,bastante fácil,0,0,,0,0,0,208,
tu_dinero_es,M4 U09,¿Cómo pago lo indispensable si no puedo trabajar unos días?,68.0,bastante fácil,0,0,,0,0,0,202,
tu_dinero_es,M4 U10,¿Qué pasa con mi familia y mi dinero si no puedo estar?,63.4,normal,1,1,,0,0,0,233,"UU., considera tramitar su pasaporte estadounidense y su registro de doble nacionalidad en el consulado; tarjetas de seguro médico, recetas y datos de salud; contrato de renta, títulos de vehículos, pólizas; si tienes un caso migratorio, el"
tu_dinero_es,M4 U11,¿Cómo sé si mi plan de protección funciona?,72.9,bastante fácil,0,0,,0,0,0,162,
tu_dinero_es,M4 U12,¿Cómo aseguro que la manutención llegue a mis hijos?,77.2,bastante fácil,0,0,,0,0,0,172,
tu_dinero_es,M5 U01,¿Cómo convierto un deseo en una meta?,79.8,bastante fácil,0,1,,0,0,0,257,
tu_dinero_es,M5 U02,¿Tener más dinero significa que mi inversión ganó?,77.3,bastante fácil,0,0,,0,0,0,202,
tu_dinero_es,M5 U03,¿Abrir una cuenta significa que ya invertí?,74.0,bastante fácil,0,0,,0,0,0,223,
tu_dinero_es,M5 U04,¿Rentar o comprar? ¿Qué derechos tengo como inquilino?,70.8,bastante fácil,0,0,,0,0,0,243,
tu_dinero_es,M5 U05,¿El precio anunciado es todo lo que cuesta?,69.9,bastante fácil,0,0,,0,0,0,230,
tu_dinero_es,M5 U06,¿De qué viviré cuando trabaje menos o deje de trabajar?,70.7,bastante fácil,0,0,,0,0,0,219,
tu_dinero_es,M5 U07,¿Qué pasa con lo que ahorré en México?,73.7,bastante fácil,0,0,,0,0,0,259,
tu_dinero_es,M5 U08,¿Qué pasa con mi familia si algo me pasa?,68.8,bastante fácil,0,0,,0,0,0,278,
tu_dinero_es,M5 U09,¿Cómo hago un plan cuando el ingreso cambia cada mes?,80.3,muy fácil,0,0,,0,0,0,213,
tu_dinero_es,M5 U10,¿Cómo formalizo mi negocio?,75.7,bastante fácil,0,0,,0,0,0,236,
tu_dinero_es,M5 U11,¿Cuál es mi plan financiero?,75.2,bastante fácil,0,0,,0,0,0,270,
tu_dinero_es,M5 U12,¿Qué pasa si heredo o dejo algo entre dos países?,71.1,bastante fácil,0,0,,0,0,0,319,
tu_idea,M1 U01,Mente que crea: el dinero no es solo para guardarlo,77.8,bastante fácil,0,0,,0,0,0,131,
tu_idea,M1 U02,¿De dónde sale el dinero? Tus fuentes de ingreso,75.7,bastante fácil,0,0,,0,0,0,104,
tu_idea,M1 U03,"Influencers, antojos y presión: quién decide tus compras",88.0,muy fácil,0,0,,0,0,0,111,
tu_idea,M1 U04,"Tu presupuesto: mesada, beca y lo que ganas",84.7,muy fácil,0,0,,0,0,0,141,
tu_idea,M2 U01,Tu primera cuenta,80.2,muy fácil,0,0,,0,0,0,133,
tu_idea,M2 U02,Pagar y cobrar con el celular,81.0,muy fácil,0,0,,0,0,0,125,
tu_idea,M2 U03,Compras en línea y dinero de otro país,78.9,bastante fácil,0,0,,0,0,0,131,
tu_idea,M2 U04,"Las letras chiquitas: términos, suscripciones y contratos",81.0,muy fácil,0,0,,0,0,0,102,
tu_idea,M3 U01,Encuentra un problema que valga la pena resolver,77.2,bastante fácil,0,0,,0,0,0,121,
tu_idea,M3 U02,Prueba tu idea con poco dinero,76.9,bastante fácil,0,0,,0,0,0,100,
tu_idea,M3 U03,"Costo, precio y ganancia",92.3,muy fácil,0,0,,0,0,0,103,
tu_idea,M3 U04,"Tus primeras ventas: redes, cobro y clientes",80.0,bastante fácil,0,0,,0,0,0,127,
tu_idea,M3 U05,Punto de equilibrio y el dinero del negocio aparte,70.7,bastante fácil,0,0,,0,0,0,93,
tu_idea,M4 U01,Reinvertir: que tu ganancia trabaje,83.1,muy fácil,0,0,,0,0,0,89,
tu_idea,M4 U02,Socios y equipo: acuerdos claros entre amigos,76.3,bastante fácil,0,0,,0,0,0,110,
tu_idea,M4 U03,"Tu marca, tu reputación y tus datos en línea",71.6,bastante fácil,0,0,,0,0,0,114,
tu_idea,M4 U04,"Crecer en serio: RFC, permisos e impuestos cuando toque",75.2,bastante fácil,0,0,,0,0,0,153,
tu_idea,M5 U01,Ahorra con propósito,82.6,muy fácil,0,0,,0,0,0,94,
tu_idea,M5 U02,El interés compuesto y tu mejor aliado: el tiempo,83.2,muy fácil,0,0,,0,0,0,105,
tu_idea,M5 U03,"Invertir: riesgo, rendimiento y no poner todo junto",72.0,bastante fácil,0,0,,0,0,0,136,
tu_idea,M5 U04,"Cripto, trading, «hazte rico» y apuestas: invertir no es apostar",72.4,bastante fácil,0,0,,0,0,0,158,
tu_idea,M6 U01,Qué es el crédito y cuánto cuesta de verdad,84.4,muy fácil,0,0,,0,0,0,122,
tu_idea,M6 U02,"Tarjeta de crédito, meses sin intereses y «compra ahora, paga después»",80.7,muy fácil,0,0,,0,0,0,154,
tu_idea,M6 U03,Tu historial desde joven y lo que nunca firmas por otros,79.0,bastante fácil,0,0,,0,0,0,127,
tu_idea,M6 U04,Pagar tus estudios o tu idea: antes que un préstamo,73.2,bastante fácil,0,0,,0,0,0,111,
tu_idea,M6 U05,Adelantos de sueldo y préstamos de nómina en tu primer trabajo,80.0,muy fácil,0,0,,0,0,0,187,
tu_idea,M7 U01,Identifica tus riesgos antes de que pasen,71.6,bastante fácil,0,0,,0,0,0,95,
tu_idea,M7 U02,Tu seguro de estudiante y otros seguros,79.6,bastante fácil,0,0,,0,0,0,197,
tu_idea,M7 U03,"Fraudes que buscan jóvenes: cuentas mula, falsos empleos y amenazas",75.4,bastante fácil,0,0,,0,0,0,194,
tu_idea,M7 U04,Tu identidad digital y tus contraseñas,67.9,bastante fácil,0,0,,0,0,0,85,
tu_idea,M8 U01,Quién es quién en el sistema financiero y quién te protege,78.0,bastante fácil,0,0,,0,0,0,142,
tu_idea,M8 U02,Impuestos: de dónde salen tu escuela y tu beca,79.8,bastante fácil,0,0,,0,0,0,112,
tu_idea,M8 U03,"Economía, noticias y rumores: lo que cambia tu dinero",79.4,bastante fácil,0,0,,0,0,0,139,
tu_idea,M8 U04,"Tu familia y el dinero: ayudar, sus papeles y lo que se hereda",74.0,bastante fácil,0,0,,0,0,0,144,
tu_idea,M9 U01,"Estudiar, trabajar o emprender: decide con números",75.2,bastante fácil,0,0,,0,0,0,113,
tu_idea,M9 U02,"Tu primer trabajo formal: contrato, recibo, IMSS y Afore",76.7,bastante fácil,0,0,,0,0,0,160,
tu_idea,M9 U03,Tu plan de una página y tu compromiso,78.6,bastante fácil,0,0,,0,0,0,136,
tu_negocio_mx,M1 U01,¿Tu negocio gana o solo vende?,88.7,muy fácil,0,0,,0,0,0,115,
tu_negocio_mx,M1 U02,Separa el dinero del negocio y de tu casa,77.5,bastante fácil,0,0,,0,0,0,164,
tu_negocio_mx,M1 U03,Págate un sueldo,81.7,muy fácil,0,0,,0,0,0,148,
tu_negocio_mx,M1 U04,Registros en 10 minutos al día,86.0,muy fácil,0,0,,0,0,0,116,
tu_negocio_mx,M1 U05,Apuestas en línea: el dinero del negocio no se juega,80.6,muy fácil,0,0,,0,0,0,162,
tu_negocio_mx,M1 U06,"Tu negocio, tus decisiones: tu dinero a tu nombre",85.4,muy fácil,0,0,,0,0,0,175,
tu_negocio_mx,M2 U01,Costos fijos y variables,89.6,muy fácil,0,0,,0,0,0,98,
tu_negocio_mx,M2 U02,¿Cuánto cobrar?,82.0,muy fácil,0,0,,0,0,0,113,
tu_negocio_mx,M2 U03,Tu punto de equilibrio,84.4,muy fácil,0,0,,0,0,0,108,
tu_negocio_mx,M2 U04,Inventario y merma,86.7,muy fácil,0,0,,0,0,0,137,
tu_negocio_mx,M3 U01,Ganar no es tener efectivo,78.7,bastante fácil,0,0,,0,0,0,132,
tu_negocio_mx,M3 U02,"Fiado, crédito a clientes y cobranza",78.0,bastante fácil,0,0,,0,0,0,114,
tu_negocio_mx,M3 U03,Tu reserva y las temporadas bajas,76.5,bastante fácil,0,0,,0,0,0,100,
tu_negocio_mx,M3 U04,"Inflación, tasas e interés compuesto en tu negocio",80.9,muy fácil,0,0,,0,0,0,185,
tu_negocio_mx,M4 U01,"Efectivo, transferencia, terminal o link de pago",79.5,bastante fácil,0,0,,0,0,0,161,
tu_negocio_mx,M4 U02,"Cobros con CoDi, QR y transferencias seguras",81.2,muy fácil,0,0,,0,0,0,178,
tu_negocio_mx,M4 U03,Fraudes al vender,76.5,bastante fácil,0,0,,0,0,0,123,
tu_negocio_mx,M5 U01,¿Por qué formalizarte y por dónde empezar?,84.6,muy fácil,0,0,,0,0,0,115,
tu_negocio_mx,M5 U02,RESICO: el régimen para empezar,79.9,bastante fácil,0,1,,0,0,0,172,
tu_negocio_mx,M5 U03,Facturar sin miedo,77.1,bastante fácil,0,0,,0,0,0,116,
tu_negocio_mx,M5 U04,El IVA de tu negocio,83.2,muy fácil,0,0,,0,0,0,106,
tu_negocio_mx,M5 U05,Tus declaraciones,78.8,bastante fácil,0,0,,0,0,0,98,
tu_negocio_mx,M6 U01,¿Necesitas crédito?,78.3,bastante fácil,0,0,,0,0,0,109,
tu_negocio_mx,M6 U02,Opciones de crédito y cómo verificarlas,69.2,bastante fácil,0,0,,0,0,0,108,
tu_negocio_mx,M6 U03,"El costo total: CAT, comisiones y garantías",78.1,bastante fácil,0,0,,0,0,0,131,
tu_negocio_mx,M6 U04,No mezcles deudas y cuida con el aval,86.3,muy fácil,0,0,,0,0,0,144,
tu_negocio_mx,M6 U05,"Aval, obligado solidario, fiador y referencia: ¿qué firmas?",73.9,bastante fácil,0,0,,0,0,1,233,
tu_negocio_mx,M7 U01,IMSS para personas independientes (Modalidad 10),76.8,bastante fácil,0,1,,0,0,0,176,
tu_negocio_mx,M7 U02,Seguros para tu negocio,67.9,bastante fácil,0,0,,0,0,0,93,
tu_negocio_mx,M7 U03,Fraudes a negocios,71.2,bastante fácil,0,0,,0,0,0,109,
tu_negocio_mx,M7 U04,Tu marca y tu nombre,77.5,bastante fácil,0,0,,0,0,0,155,
tu_negocio_mx,M7 U05,Tu identidad y la de tu negocio,83.5,muy fácil,0,1,,0,0,1,281,
tu_negocio_mx,M7 U06,"Fraudes con inteligencia artificial: voces, videos y mensajes falsos",75.6,bastante fácil,1,0,,0,0,0,121,"Con unos segundos de audio o unas fotos de tus redes, la inteligencia artificial puede imitar la voz de un familiar, un proveedor o un cliente."
tu_negocio_mx,M7 U07,Si llega un desastre: tu negocio preparado,73.4,bastante fácil,0,0,,0,0,0,124,
tu_negocio_mx,M7 U08,Si faltas: seguro de vida y gastos funerarios,70.0,bastante fácil,0,0,,0,0,1,109,
tu_negocio_mx,M8 U01,Contratar ayuda,75.1,bastante fácil,0,1,,0,0,0,198,
tu_negocio_mx,M8 U02,Vender en línea y en plataformas,76.0,bastante fácil,0,0,,0,0,0,137,
tu_negocio_mx,M8 U03,Tus números del mes,82.6,muy fácil,0,0,,0,0,0,99,
tu_negocio_mx,M8 U04,"Estrés, negocio y familia",77.2,bastante fácil,0,0,,0,0,0,115,
tu_negocio_mx,M8 U05,Tu plan de negocio en una hoja y cómo presentarlo,72.5,bastante fácil,0,0,,0,0,0,156,
tu_negocio_mx,M8 U06,"Tu negocio y su entorno: competencia, economía, comunidad y cambios de ley",75.4,bastante fácil,0,0,,0,0,3,103,
tu_negocio_mx,M8 U07,Adelantos y préstamos a tus empleados,80.3,muy fácil,0,0,,0,0,0,222,
tu_negocio_mx,M9 U01,Tu retiro si trabajas por tu cuenta,78.4,bastante fácil,0,0,,0,0,0,118,
tu_negocio_mx,M9 U02,Si el negocio cambia o si faltas,71.7,bastante fácil,0,0,,0,0,0,101,
tu_negocio_mx,M9 U03,Tu plan de una página,75.0,bastante fácil,0,0,,0,0,0,148,
tu_negocio_mx,M9 U04,"Si faltas: tu casa, tus socios, lo digital y los impuestos de la herencia",81.7,muy fácil,0,2,,0,0,0,247,
tu_negocio_us_es,M1 U01,¿Tu negocio gana o solo vende?,80.8,muy fácil,0,0,,0,0,0,126,
tu_negocio_us_es,M1 U02,Separa el dinero del negocio y de tu casa,75.3,bastante fácil,0,0,,0,0,0,197,
tu_negocio_us_es,M1 U03,Págate un sueldo,78.9,bastante fácil,0,0,,0,0,0,139,
tu_negocio_us_es,M1 U04,Registros en 10 minutos al día,80.4,muy fácil,0,0,,0,0,0,116,
tu_negocio_us_es,M1 U05,Apuestas en línea: el dinero del negocio no se juega,78.4,bastante fácil,0,0,,0,0,0,171,
tu_negocio_us_es,M1 U06,"Tu negocio, tus decisiones: tu dinero a tu nombre",82.9,muy fácil,0,0,,0,0,1,196,
tu_negocio_us_es,M2 U01,Costos fijos y variables,89.4,muy fácil,0,0,,0,0,0,108,
tu_negocio_us_es,M2 U02,¿Cuánto cobrar?,81.0,muy fácil,0,0,,0,0,0,120,
tu_negocio_us_es,M2 U03,Tu punto de equilibrio,79.6,bastante fácil,0,0,,0,0,0,111,
tu_negocio_us_es,M2 U04,Inventario y merma,85.6,muy fácil,0,0,,0,0,0,132,
tu_negocio_us_es,M3 U01,Ganar no es tener efectivo,75.5,bastante fácil,0,0,,0,0,0,141,
tu_negocio_us_es,M3 U02,"Crédito a clientes, facturas y cobranza",77.8,bastante fácil,0,0,,0,0,0,130,
tu_negocio_us_es,M3 U03,Tu reserva y las temporadas bajas,79.7,bastante fácil,0,0,,0,0,0,111,
tu_negocio_us_es,M3 U04,"Inflación, tasas e interés compuesto en tu negocio",79.0,bastante fácil,0,0,,0,0,1,186,
tu_negocio_us_es,M4 U01,"Efectivo, tarjeta, apps o link de pago",79.8,bastante fácil,0,0,,0,0,0,163,
tu_negocio_us_es,M4 U02,Cobros por apps y transferencias seguras,79.2,bastante fácil,0,0,,0,0,0,131,
tu_negocio_us_es,M4 U03,Fraudes al vender,79.7,bastante fácil,0,1,,0,0,0,136,
tu_negocio_us_es,M5 U01,"¿Dueño único, LLC u otra forma?",74.1,bastante fácil,0,0,,0,0,0,181,
tu_negocio_us_es,M5 U02,"Números y permisos: EIN, ITIN y licencias",78.5,bastante fácil,0,0,,0,0,0,246,
tu_negocio_us_es,M5 U03,Tus impuestos federales como dueño,76.0,bastante fácil,0,1,,0,0,0,150,
tu_negocio_us_es,M5 U04,Pagos trimestrales y formularios 1099,76.9,bastante fácil,0,0,,0,0,0,212,
tu_negocio_us_es,M5 U05,El impuesto sobre ventas (sales tax),76.9,bastante fácil,0,0,CDTFA,0,0,0,155,
tu_negocio_us_es,M6 U01,¿Necesitas crédito?,78.5,bastante fácil,0,0,,0,0,0,113,
tu_negocio_us_es,M6 U02,Opciones de crédito y cómo verificarlas,72.0,bastante fácil,1,1,,0,0,0,181,"Dato vigente: el programa de micropréstamos de la SBA ofrece préstamos de hasta $50,000 a través de organizaciones sin fines de lucro, que suelen dar también asesoría."
tu_negocio_us_es,M6 U03,"El costo total: APR, cuotas y garantías",77.2,bastante fácil,0,0,,0,0,0,139,
tu_negocio_us_es,M6 U04,No mezcles deudas y cuida con ser cofirmante,79.8,bastante fácil,0,0,,0,0,1,142,
tu_negocio_us_es,M6 U05,"Cofirmante, garante, usuario autorizado y referencia: ¿qué firmas?",77.1,bastante fácil,0,0,,0,0,0,214,
tu_negocio_us_es,M7 U01,Tu salud si trabajas por tu cuenta,61.3,normal,0,0,,0,0,1,118,
tu_negocio_us_es,M7 U02,Seguros para tu negocio,70.7,bastante fácil,0,0,,0,0,0,97,
tu_negocio_us_es,M7 U03,Fraudes a negocios,72.4,bastante fácil,0,0,,0,0,2,130,
tu_negocio_us_es,M7 U04,Tu marca y tu nombre,77.4,bastante fácil,0,0,,0,0,0,183,
tu_negocio_us_es,M7 U05,Robo de identidad y llamadas no deseadas,72.0,bastante fácil,0,1,,0,0,3,257,
tu_negocio_us_es,M7 U06,"Fraudes con inteligencia artificial: voces, videos y mensajes falsos",76.1,bastante fácil,0,0,,0,0,1,125,
tu_negocio_us_es,M7 U07,Si llega un desastre: tu negocio preparado,68.7,bastante fácil,0,0,,0,0,1,165,
tu_negocio_us_es,M8 U01,Contratar ayuda,69.7,bastante fácil,0,0,,0,0,0,199,
tu_negocio_us_es,M8 U02,Vender en línea y en plataformas,78.8,bastante fácil,0,0,,0,0,0,78,
tu_negocio_us_es,M8 U03,Tus números del mes,82.7,muy fácil,0,0,,0,0,0,90,
tu_negocio_us_es,M8 U04,"Estrés, negocio y familia",77.1,bastante fácil,0,0,,0,0,0,115,
tu_negocio_us_es,M8 U05,Tu plan de negocio en una hoja y cómo presentarlo,74.3,bastante fácil,0,0,,0,0,1,180,
tu_negocio_us_es,M8 U06,"Tu negocio y su entorno: competencia, economía, comunidad y cambios de ley",76.3,bastante fácil,0,0,,0,0,3,102,
tu_negocio_us_es,M8 U07,Adelantos y préstamos a tus empleados,75.1,bastante fácil,0,0,,0,0,0,198,
tu_negocio_us_es,M9 U01,Tu retiro si trabajas por tu cuenta,76.9,bastante fácil,0,0,,0,0,0,228,
tu_negocio_us_es,M9 U02,Si el negocio cambia o si faltas,74.4,bastante fácil,0,0,,0,0,0,96,
tu_negocio_us_es,M9 U03,Tu plan de una página,75.1,bastante fácil,0,0,,0,0,0,151,
tu_negocio_us_es,M9 U04,"Si faltas: cuentas con beneficiario, tu casa, lo digital y los impuestos",71.1,bastante fácil,1,1,,0,0,0,277,"Si tienes casa o terreno en México y quieres pasarlos a tus hijos en vida sin dejar de usarlos, allá existe la donación con reserva de usufructo."
tu_patrimonio,M1 U01,¿Qué tengo y dónde está?,77.7,bastante fácil,0,0,,0,0,0,167,
tu_patrimonio,M1 U02,"¿Cuánto cuesta vivir en mi casa, al mes y al año?",76.1,bastante fácil,0,0,,0,0,0,139,
tu_patrimonio,M1 U03,"Mi dinero, nuestro dinero",75.7,bastante fácil,0,0,,0,0,0,144,
tu_patrimonio,M1 U04,Tu carpeta de documentos,69.6,bastante fácil,0,0,,0,0,0,129,
tu_patrimonio,M1 U05,"Compra inteligente: el súper, las ofertas y los pagos a plazos",80.1,muy fácil,0,0,,0,0,1,123,
tu_patrimonio,M2 U01,¿Quién es quién en el sistema financiero?,71.5,bastante fácil,0,0,,0,0,0,113,
tu_patrimonio,M2 U02,"Bancos, casas de bolsa, aseguradoras y AFORE: ¿qué hace cada una?",77.9,bastante fácil,0,0,,0,0,0,132,
tu_patrimonio,M2 U03,Verifica antes de confiar,66.6,bastante fácil,0,0,,0,0,0,104,
tu_patrimonio,M2 U04,Tus derechos y dónde reclamar,77.1,bastante fácil,0,0,,0,0,0,118,
tu_patrimonio,M3 U01,Tu banco en el celular: lo que sí y lo que nunca,80.0,bastante fácil,0,0,,0,0,0,144,
tu_patrimonio,M3 U02,Primeros pasos seguros en la app,79.4,bastante fácil,0,0,,0,0,0,117,
tu_patrimonio,M3 U03,"Pon candados: alertas, límites y tarjeta apagada",79.5,bastante fácil,0,0,,0,0,0,170,
tu_patrimonio,M3 U04,Transferir sin errores,78.2,bastante fácil,0,0,,0,0,0,126,
tu_patrimonio,M3 U05,Tu persona de confianza,74.5,bastante fácil,0,0,,0,0,0,132,
tu_patrimonio,M4 U01,Cómo piensa quien te quiere estafar,70.9,bastante fácil,0,0,,0,0,0,132,
tu_patrimonio,M4 U02,La llamada «del banco»,81.7,muy fácil,0,0,,0,0,0,136,
tu_patrimonio,M4 U03,Mensajes y correos falsos,77.4,bastante fácil,0,0,BANCO,0,0,0,142,
tu_patrimonio,M4 U04,"«Mamá, estoy en problemas»: extorsión y voces falsas",80.6,muy fácil,0,0,,0,0,0,133,
tu_patrimonio,M4 U05,En el cajero y la sucursal,77.8,bastante fácil,0,0,,0,0,0,112,
tu_patrimonio,M4 U06,Robo de identidad,74.7,bastante fácil,0,0,,0,0,0,148,
tu_patrimonio,M4 U07,Que dejen de llamarte: REPEP y REUS,82.6,muy fácil,0,0,,0,0,0,145,
tu_patrimonio,M4 U08,Si ya te pasó: tu plan de respuesta,76.3,bastante fácil,0,0,,0,0,0,149,
tu_patrimonio,M5 U01,Elige y revisa tus cuentas,77.0,bastante fácil,0,0,,0,0,0,121,
tu_patrimonio,M5 U02,El seguro del IPAB: hasta cuánto te protege,78.5,bastante fácil,0,0,,0,0,0,132,
tu_patrimonio,M5 U03,Tu fondo de emergencia,72.7,bastante fácil,0,0,,0,0,0,152,
tu_patrimonio,M5 U04,Ahorro con Cetes y BONDDIA,71.8,bastante fácil,0,0,,0,0,0,108,
tu_patrimonio,M5 U05,"Tu tarjeta de crédito: pago mínimo, pago para no generar intereses y meses sin intereses",79.7,bastante fácil,0,0,,0,0,0,139,
tu_patrimonio,M5 U06,"Tu historial de crédito: Buró, Círculo y ser aval",80.0,bastante fácil,0,0,,0,0,2,236,
tu_patrimonio,M5 U07,"Aval, obligado solidario, fiador y referencia: ¿qué firmas?",71.0,bastante fácil,0,0,,0,0,1,227,
tu_patrimonio,M5 U08,Préstamos de nómina y a cuenta de tu pensión,81.7,muy fácil,0,0,,0,0,0,225,
tu_patrimonio,M5 U09,Empeñar sin perder tus joyas,74.9,bastante fácil,0,0,,0,0,0,193,
tu_patrimonio,M6 U01,"Rendimiento, riesgo, plazo y liquidez",72.9,bastante fácil,0,0,,0,0,0,123,
tu_patrimonio,M6 U02,Qué hay en el menú,73.4,bastante fácil,0,0,,0,0,0,114,
tu_patrimonio,M6 U03,Lee tu estado de cuenta de inversión,76.2,bastante fácil,0,0,,0,0,0,119,
tu_patrimonio,M6 U04,"Tu asesor: verifica, pregunta y compara",70.0,bastante fácil,0,0,,0,0,0,135,
tu_patrimonio,M6 U05,Inversiones milagro y «yo te lo manejo»,74.4,bastante fácil,0,0,,0,0,0,108,
tu_patrimonio,M6 U06,"Noticias, rumores y cambios: ajusta tu plan sin pánico",84.3,muy fácil,0,0,,0,0,1,136,
tu_patrimonio,M7 U01,Tu mapa de pensiones,76.3,bastante fácil,0,0,,0,0,0,143,
tu_patrimonio,M7 U02,Tu AFORE y tus semanas cotizadas,72.7,bastante fácil,0,0,,0,0,0,113,
tu_patrimonio,M7 U03,Modalidad 40: ¿puedes y te conviene?,76.2,bastante fácil,0,0,,0,0,0,199,
tu_patrimonio,M7 U04,Pensión de viudez y pensiones del Bienestar,73.8,bastante fácil,0,0,,0,0,0,209,
tu_patrimonio,M7 U05,Si tú o tu pareja trabajaron para el gobierno: ISSSTE,72.0,bastante fácil,0,2,,0,0,0,318,
tu_patrimonio,M7 U06,¿Cuánto necesito para mi retiro?,71.5,bastante fácil,0,0,,0,0,0,134,
tu_patrimonio,M8 U01,Cómo funciona tu seguro de gastos médicos,68.0,bastante fácil,0,0,,0,0,0,110,
tu_patrimonio,M8 U02,¿Por qué sube tanto y cómo bajarlo sin quedarte sin protección?,74.1,bastante fácil,0,0,,0,0,0,127,
tu_patrimonio,M8 U03,Compara y lee tu póliza,65.4,bastante fácil,0,0,,0,0,0,91,
tu_patrimonio,M8 U04,Seguro de vida y gastos funerarios,68.7,bastante fácil,0,0,,0,0,0,128,
tu_patrimonio,M8 U05,Casa y auto: lo básico,74.0,bastante fácil,0,0,,0,0,0,115,
tu_patrimonio,M8 U06,Si llega un sismo o una inundación: tu patrimonio preparado,74.2,bastante fácil,0,1,,0,0,0,213,
tu_patrimonio,M8 U07,IMSS por tu cuenta: Seguro de Salud para la Familia y Modalidad 10,71.3,bastante fácil,0,0,,0,0,0,210,
tu_patrimonio,M9 U01,¿Tengo que declarar?,76.0,bastante fácil,0,0,,0,0,0,142,
tu_patrimonio,M9 U02,Lo que te retienen,77.1,bastante fácil,0,0,,0,0,0,160,
tu_patrimonio,M9 U03,Deducciones personales y tu declaración anual,76.1,bastante fácil,0,0,,0,0,0,107,
tu_patrimonio,M10 U01,Testamento: tu decisión por escrito,73.5,bastante fácil,0,0,,0,0,0,132,
tu_patrimonio,M10 U02,"Beneficiarios: cuentas, seguros y AFORE",70.5,bastante fácil,0,0,,0,0,0,117,
tu_patrimonio,M10 U03,Poder notarial y quién decide si tú no puedes,68.3,bastante fácil,0,0,,0,0,0,113,
tu_patrimonio,M10 U04,Ayudar a los hijos sin descuidar tu futuro,79.5,bastante fácil,0,0,,0,0,0,118,
tu_patrimonio,M10 U05,Viudez o separación: los primeros 90 días,72.1,bastante fácil,0,0,,0,0,0,167,
tu_patrimonio,M10 U06,"Tu casa: escrituras, predial y crédito en orden",68.1,bastante fácil,0,0,,0,0,3,158,
tu_patrimonio,M10 U07,"Si no hay testamento: unión libre, tierra ejidal y el trámite sucesorio",75.0,bastante fácil,0,0,,0,0,0,169,
tu_patrimonio,M10 U08,"Heredar o dar en vida: impuestos, costos y riesgos",79.4,bastante fácil,0,0,,0,0,0,216,
tu_patrimonio,M10 U09,Violencia económica y patrimonial: tu dinero y tus bienes también son tuyos,76.6,bastante fácil,1,0,,0,0,0,230,"Dato vigente: la Ley General de Acceso de las Mujeres a una Vida Libre de Violencia define la violencia patrimonial y la económica (artículo 6, fracciones III y IV)."
tu_patrimonio,M10 U10,"Pensión alimenticia: pedirla, cuidarla y hacerla durar",75.4,bastante fácil,0,0,,0,0,0,219,
tu_patrimonio,M11 U01,Decidir con calma: tus reglas,76.4,bastante fácil,0,0,,0,0,0,102,
tu_patrimonio,M11 U02,Presión familiar y control del dinero,78.4,bastante fácil,0,0,,0,0,0,116,
tu_patrimonio,M11 U03,Tu plan de una página,77.6,bastante fácil,0,0,,0,0,0,168,
tu_pension,M1 U01,Tu pensión llega cada dos meses,89.4,muy fácil,0,0,,0,0,0,124,
tu_pension,M1 U02,Lo básico primero,80.5,muy fácil,0,0,,0,0,0,95,
tu_pension,M2 U01,Tu NIP es solo tuyo,87.6,muy fácil,0,0,,0,0,0,117,
tu_pension,M2 U02,"El cajero, sin riesgos",83.2,muy fácil,0,0,,0,0,0,120,
tu_pension,M3 U01,"«Abuelita, soy yo, estoy en problemas»",85.7,muy fácil,0,0,,0,0,0,99,
tu_pension,M3 U02,"Mensajes, premios y ligas",82.2,muy fácil,0,0,,0,0,0,102,
tu_pension,M4 U01,Señales de abuso patrimonial,83.3,muy fácil,0,0,,0,0,0,131,
tu_pension,M4 U02,A quién llamar,85.8,muy fácil,0,0,,0,0,2,96,
tu_pension,M5 U01,El préstamo a cuenta de tu pensión,83.6,muy fácil,0,0,,0,0,1,112,
tu_pension,M5 U02,Préstamos para otros,87.6,muy fácil,0,0,,0,0,0,102,
tu_pension,M6 U01,Poder amplio o poder limitado,83.2,muy fácil,0,0,,0,0,0,136,
tu_pension,M6 U02,Tu persona de apoyo,88.0,muy fácil,0,0,,0,0,0,105,
tu_pension,M7 U01,Tu testamento,77.9,bastante fácil,0,0,,0,0,0,111,
tu_pension,M7 U02,Tus beneficiarios al día,77.5,bastante fácil,0,0,,0,0,0,111,
tu_pension,M8 U01,Un guardadito para tu salud,76.2,bastante fácil,0,0,,0,0,0,96,
tu_pension,M8 U02,Seguros: lo que cubren y lo que te cobran,82.0,muy fácil,0,0,,0,0,0,109,
tu_regreso,M1 U01,Tu constancia y tu CURP: los dos primeros papeles,77.4,bastante fácil,0,0,,0,0,0,146,
tu_regreso,M1 U02,Tu acta y tu INE,76.0,bastante fácil,0,0,,0,0,0,140,
tu_regreso,M1 U03,Los papeles de tus hijos nacidos en Estados Unidos,77.1,bastante fácil,0,0,,0,0,0,135,
tu_regreso,M2 U01,Tus tarjetas de regreso,84.0,muy fácil,0,0,,0,0,0,125,
tu_regreso,M2 U02,Elige una cuenta sin comisiones,80.2,muy fácil,0,0,,0,0,0,95,
tu_regreso,M2 U03,"Cobrar, pagar y reclamar",86.7,muy fácil,0,0,,0,0,0,85,
tu_regreso,M3 U01,Tu historial de allá no cuenta aquí,81.4,muy fácil,0,0,,0,0,0,129,
tu_regreso,M3 U02,Empieza chico y paga a tiempo,80.9,muy fácil,0,0,,0,0,0,116,
tu_regreso,M3 U03,Préstamos «sin buró» y apps que cobran de más,79.5,bastante fácil,0,0,,0,0,0,115,
tu_regreso,M4 U01,Tu último pago y tu cuenta de allá,81.2,muy fácil,0,0,,0,0,0,137,
tu_regreso,M4 U02,Tus impuestos de allá,76.2,bastante fácil,0,0,,0,0,0,120,
tu_regreso,M4 U03,Tu retiro de allá: 401(k) y Seguro Social,71.5,bastante fácil,0,0,,0,0,0,137,
tu_regreso,M5 U01,¿Tienes Afore? Encuéntrala,79.7,bastante fácil,0,0,,0,0,0,110,
tu_regreso,M5 U02,Tus semanas cotizadas,85.5,muy fácil,0,0,,0,0,0,116,
tu_regreso,M5 U03,Ahorra para tu retiro aunque trabajes por tu cuenta,73.2,bastante fácil,0,0,,0,0,0,105,
tu_regreso,M6 U01,Piensa en pesos: tu presupuesto de regreso,88.9,muy fácil,0,0,,0,0,0,109,
tu_regreso,M6 U02,Los compromisos de bienvenida,86.2,muy fácil,0,0,,0,0,0,115,
tu_regreso,M6 U03,Cuando dejan de llegar las remesas,80.9,muy fácil,0,0,,0,0,0,111,
tu_regreso,M7 U01,Lo que sabes hacer vale,76.6,bastante fácil,0,0,,0,0,0,104,
tu_regreso,M7 U02,Compara ofertas: sueldo y prestaciones,82.2,muy fácil,0,0,,0,0,0,91,
tu_regreso,M7 U03,Un negocio chico sin arriesgar tu ahorro,81.1,muy fácil,0,0,,0,0,0,116,
tu_regreso,M8 U01,Gestores falsos,83.5,muy fácil,0,0,,0,0,0,127,
tu_regreso,M8 U02,Fraudes y extorsión al que regresa,75.9,bastante fácil,0,0,,0,0,0,97,
tu_regreso,M8 U03,Tu plan de regreso en una página,85.0,muy fácil,0,0,,0,0,0,75,
tu_ruta,M1 U01,Lo que entra no es lo que ganas,94.9,muy fácil,0,0,,0,0,0,81,
tu_ruta,M1 U02,Cuánto ganas por hora,77.4,bastante fácil,0,0,,0,0,0,101,
tu_ruta,M1 U03,Un sueldo fijo en un trabajo variable,89.8,muy fácil,0,0,,0,0,0,104,
tu_ruta,M2 U01,¿Eres persona trabajadora de plataforma?,76.5,bastante fácil,0,0,,0,0,0,135,
tu_ruta,M2 U02,"Aguinaldo, vacaciones y reparto de utilidades",68.5,bastante fácil,0,0,,0,0,0,97,
tu_ruta,M2 U03,Desactivaciones y cómo reclamar,75.9,bastante fácil,0,0,,0,0,1,107,
tu_ruta,M3 U01,Lo que te da el IMSS completo,80.4,muy fácil,0,0,,0,0,0,95,
tu_ruta,M3 U02,Si no llegas al umbral,75.0,bastante fácil,0,0,,0,0,1,99,
tu_ruta,M3 U03,Tu Afore y tus semanas,78.1,bastante fácil,0,0,,0,0,1,95,
tu_ruta,M4 U01,Lo que la app retiene de impuestos,96.9,muy fácil,0,0,,0,0,0,99,
tu_ruta,M4 U02,Tu RFC y tu e.firma,88.6,muy fácil,0,0,,0,0,0,101,
tu_ruta,M4 U03,Al corriente con el SAT,80.5,muy fácil,0,0,,0,0,0,93,
tu_ruta,M5 U01,El apartado del vehículo,77.5,bastante fácil,0,0,,0,0,0,87,
tu_ruta,M5 U02,El seguro de tu vehículo,76.4,bastante fácil,0,0,,0,0,1,93,
tu_ruta,M5 U03,"Comprar, financiar o rentar tu vehículo",84.5,muy fácil,0,0,,0,0,0,100,
tu_ruta,M6 U01,Si tienes un accidente en la ruta,81.6,muy fácil,0,0,,0,0,0,108,
tu_ruta,M6 U02,Un fondo para los días sin trabajo,81.2,muy fácil,0,0,,0,0,0,98,
tu_ruta,M6 U03,"Cansancio, estrés y tu dinero",82.3,muy fácil,0,0,,0,0,0,97,
tu_ruta,M7 U01,Adelantos y préstamos dentro de la app,86.0,muy fácil,0,0,,0,0,1,96,
tu_ruta,M7 U02,Rentar o prestar tu cuenta,88.1,muy fácil,0,0,,0,0,0,108,
tu_ruta,M7 U03,Soporte falso y robo de cuentas,83.6,muy fácil,0,0,,0,0,0,99,
tu_ruta,M8 U01,Tu retiro aunque trabajes con apps,89.3,muy fácil,0,0,,0,0,0,86,
tu_ruta,M8 U02,La app como escalón,76.6,bastante fácil,0,0,,0,0,0,80,
tu_ruta,M8 U03,Tu plan de ruta en una página,86.3,muy fácil,0,0,,0,0,0,78,
tu_talento,M1 U01,¿Todo lo que cobro por una producción es mi ganancia real?,83.4,muy fácil,0,0,,0,0,0,252,
tu_talento,M1 U02,¿Cómo me pago un sueldo si no tengo sueldo fijo?,84.0,muy fácil,0,0,,0,0,0,221,
tu_talento,M1 U03,¿Cuánto necesito en mi fondo de sequía?,82.2,muy fácil,0,0,,0,0,0,159,
tu_talento,M1 U04,¿Dónde guardo mi fondo de sequía?,76.1,bastante fácil,0,1,,0,0,0,269,
tu_talento,M1 U05,"Vestuario, imagen y estilismo: ¿gasto necesario o fuga?",80.6,muy fácil,0,0,,0,0,0,146,
tu_talento,M1 U06,La productora paga a 60 o 90 días: ¿cómo organizo mi flujo?,84.7,muy fácil,0,0,,0,0,0,159,
tu_talento,M1 U07,"Meses sin llamados: estrés, rechazo y dinero",83.5,muy fácil,0,0,,0,0,0,116,
tu_talento,M2 U01,"¿RESICO, Asimilados o Actividad Empresarial?",70.0,bastante fácil,0,0,,0,0,0,187,
tu_talento,M2 U02,El IVA: el dinero que cobras pero no es tuyo,82.7,muy fácil,0,0,,0,0,0,179,
tu_talento,M2 U03,"¿Qué gastos de mi carrera sí puedo deducir, y en qué régimen?",73.4,bastante fácil,0,0,,0,0,0,135,
tu_talento,M2 U04,"Facturar, declarar y no atrasarte con el SAT",73.5,bastante fácil,0,0,,0,0,0,135,
tu_talento,M2 U05,Deducciones personales y tu declaración anual,71.9,bastante fácil,0,0,,0,0,0,155,
tu_talento,M3 U01,Lo que revisas antes de firmar un llamado o una exclusividad,73.9,bastante fácil,0,0,,0,0,0,146,
tu_talento,M3 U02,Derechos de imagen y voz: qué cedes y por cuánto tiempo,67.2,bastante fácil,0,0,,0,0,0,148,
tu_talento,M3 U03,Mánagers y agencias: comisiones y cuentas claras,75.3,bastante fácil,0,0,,0,0,0,150,
tu_talento,M3 U04,"ANDA, ANDI y las organizaciones del medio: ¿quién hace qué?",65.7,bastante fácil,0,0,,0,0,0,154,
tu_talento,M3 U05,Cómo cobro mis regalías y reviso mis pagos,67.4,bastante fácil,0,1,,0,0,0,187,
tu_talento,M3 U06,Cuando la productora no paga,76.4,bastante fácil,0,0,,0,0,0,156,
tu_talento,M4 U01,¿Quién es quién en el sistema financiero?,67.9,bastante fácil,0,0,,0,0,0,120,
tu_talento,M4 U02,"Bancos, bancos digitales y otras entidades: ¿cuál es cuál?",70.5,bastante fácil,0,0,,0,0,0,154,
tu_talento,M4 U03,¿Cómo verifico una institución antes de contratar?,72.1,bastante fácil,0,0,,0,0,0,125,
tu_talento,M4 U04,Tus derechos como usuario,72.3,bastante fácil,0,0,,0,0,0,143,
tu_talento,M4 U05,"Noticias, rumores y cambios: ajusta tu plan sin pánico",77.7,bastante fácil,0,0,,0,0,2,121,
tu_talento,M5 U01,Primero elige la institución,70.7,bastante fácil,0,0,,0,0,0,130,
tu_talento,M5 U02,Elige tu cuenta,74.2,bastante fácil,0,0,,0,0,0,148,
tu_talento,M5 U03,Elige dónde ahorrar e invertir,79.4,bastante fácil,0,0,,0,0,0,147,
tu_talento,M5 U04,Elige un seguro,63.9,normal,0,0,,0,0,0,115,
tu_talento,M5 U05,Elige un crédito: los números,82.1,muy fácil,0,0,,0,0,0,109,
tu_talento,M5 U06,Elige un crédito: el tipo correcto para cada uso,78.8,bastante fácil,0,0,,0,0,0,125,
tu_talento,M5 U07,Lee el contrato antes de firmar,72.1,bastante fácil,0,0,,0,0,0,178,
tu_talento,M5 U08,"Aval, obligado solidario, fiador y referencia: ¿qué firmas?",73.5,bastante fácil,0,0,,0,0,1,233,
tu_talento,M6 U01,Tu línea de crédito no es tu ingreso,81.6,muy fácil,0,0,,0,0,0,126,
tu_talento,M6 U02,"Pago mínimo, pago para no generar intereses y fechas clave",81.0,muy fácil,0,0,,0,0,0,92,
tu_talento,M6 U03,Meses sin intereses: cuándo ayudan y cuándo te atrapan,79.8,bastante fácil,0,0,,0,0,0,115,
tu_talento,M6 U04,Tu inventario de deudas,79.1,bastante fácil,0,0,,0,0,0,129,
tu_talento,M6 U05,¿Cuánta deuda aguanta un ingreso variable?,87.2,muy fácil,0,0,,0,0,0,113,
tu_talento,M6 U06,No uses la tarjeta para vivir la sequía,71.3,bastante fácil,0,0,,0,0,0,131,
tu_talento,M6 U07,Adelantos de pago y préstamo de nómina en meses de llamados,73.9,bastante fácil,0,0,,0,0,0,203,
tu_talento,M6 U08,Empeñar tu equipo: la herramienta que no debes perder,77.6,bastante fácil,0,0,,0,0,0,217,
tu_talento,M7 U01,¿Qué son el Buró y el Círculo de Crédito?,70.4,bastante fácil,0,0,,0,0,0,134,
tu_talento,M7 U02,Buró y Círculo: ¿en qué se parecen y en qué no?,77.4,bastante fácil,0,0,,0,0,0,137,
tu_talento,M7 U03,Pide tus reportes sin costo: dos al año,78.7,bastante fácil,0,0,,0,0,0,179,
tu_talento,M7 U04,Lee tu reporte,74.0,bastante fácil,0,0,,0,0,0,135,
tu_talento,M7 U05,Tu score: qué lo sube y qué lo baja,78.8,bastante fácil,0,0,,0,0,0,131,
tu_talento,M7 U06,¿Cuánto tiempo se queda un atraso?,73.7,bastante fácil,0,0,,0,0,0,166,
tu_talento,M7 U07,Si hay un error: reclama paso a paso,70.8,bastante fácil,0,0,,0,0,0,169,
tu_talento,M7 U08,Protege tu historial: bloqueo y alertas,73.0,bastante fácil,0,1,,0,0,0,127,
tu_talento,M7 U09,"Despachos que ""limpian tu Buró"": fraude",73.4,bastante fácil,0,0,,0,0,0,114,
tu_talento,M7 U10,Cómo mejorar tu historial paso a paso,78.3,bastante fácil,0,0,,0,0,0,151,
tu_talento,M8 U01,Elige tu método: avalancha o bola de nieve,78.6,bastante fácil,0,0,,0,0,0,139,
tu_talento,M8 U02,"Negociar con el banco: reestructura, convenio o quita",74.1,bastante fácil,0,0,,0,0,0,159,
tu_talento,M8 U03,¿Consolidar deudas me conviene?,76.1,bastante fácil,0,0,,0,0,0,118,
tu_talento,M8 U04,Cobranza: tus derechos,75.1,bastante fácil,0,0,,0,0,0,121,
tu_talento,M8 U05,Tu plan de salida con ingreso variable,84.4,muy fácil,0,0,,0,0,0,122,
tu_talento,M8 U06,Apuestas en línea: el pago gordo no es para apostar,77.9,bastante fácil,0,0,,0,0,0,176,
tu_talento,M9 U01,Cómo piensa quien te quiere estafar,75.3,bastante fácil,0,0,,0,0,0,133,
tu_talento,M9 U02,"Falsos castings, productoras y agencias que cobran",73.4,bastante fácil,0,0,,0,0,0,139,
tu_talento,M9 U03,"Llamadas, mensajes y páginas falsas",76.1,bastante fácil,0,0,,0,0,0,132,
tu_talento,M9 U04,Robo de identidad: cuando usan tu nombre,76.0,bastante fácil,0,0,,0,0,0,140,
tu_talento,M9 U05,Tus redes y tu teléfono: robo de cuentas y de línea,72.3,bastante fácil,0,0,,0,0,0,174,
tu_talento,M9 U06,"Apps de préstamo ""montadeudas"" y préstamos con depósito previo",71.5,bastante fácil,0,0,,0,0,0,137,
tu_talento,M9 U07,"Inversiones milagro y ""yo te manejo tu dinero""",65.0,normal,0,0,,0,0,0,118,
tu_talento,M9 U08,"Que dejen de llamarte: REPEP, REUS y tu línea",78.1,bastante fácil,0,1,,0,0,0,166,
tu_talento,M9 U09,Si ya te pasó: tu plan de respuesta,76.2,bastante fácil,0,1,,0,0,0,175,
tu_talento,M9 U10,Tu voz y tu cara con inteligencia artificial: deepfakes y fraudes,69.3,bastante fácil,0,0,,0,0,0,139,
tu_talento,M10 U01,Sin seguro de empresa: el Seguro de Gastos Médicos Mayores,68.3,bastante fácil,0,0,,0,0,0,121,
tu_talento,M10 U02,IMSS Modalidad 10: seguridad social para independientes,65.1,bastante fácil,0,1,,0,0,0,155,
tu_talento,M10 U03,"Si no puedes trabajar: incapacidad, invalidez y accidentes",64.1,normal,0,1,,0,0,0,127,
tu_talento,M10 U04,Seguro de vida y beneficiarios,69.8,bastante fácil,0,0,,0,0,0,139,
tu_talento,M10 U05,Protege tu nombre y tu marca,71.2,bastante fácil,0,0,,0,0,0,129,
tu_talento,M10 U06,Testamento y documentos para tu familia,67.3,bastante fácil,0,0,,0,0,0,110,
tu_talento,M10 U07,Si llega un sismo o una inundación: tu equipo y tu trabajo,73.0,bastante fácil,0,0,,0,0,0,194,
tu_talento,M10 U08,"Tus regalías cuando faltes: derechos, sociedades de gestión e impuestos",69.1,bastante fácil,1,0,,0,0,0,236,"Dato vigente: en México, los derechos patrimoniales de autor duran toda la vida del autor y 100 años después de su muerte (Ley Federal del Derecho de Autor, artículo 29)."
tu_talento,M11 U01,Llegó un pago gordo: repártelo antes de gastarlo,83.4,muy fácil,0,1,,0,0,0,157,
tu_talento,M11 U02,Tu AFORE: encuéntrala y súmale,73.3,bastante fácil,0,0,,0,0,0,116,
tu_talento,M11 U03,Modalidad 40: si cotizaste antes de julio de 1997,75.5,bastante fácil,0,0,,0,0,0,157,
tu_talento,M11 U04,Plan Personal de Retiro (PPR) y aportaciones deducibles,75.8,bastante fácil,2,1,,0,0,0,120,"Si retiras antes de los 65 años (salvo invalidez o incapacidad), te retienen 20% y el retiro se suma a tus ingresos (artículos 142, fracción XVIII, y 151, fracción V, de la LISR)."
tu_talento,M11 U05,Invertir a largo plazo sin especular,70.8,bastante fácil,0,0,,0,0,0,123,
tu_talento,M11 U06,"Vivienda: rentar, comprar o esperar",66.9,bastante fácil,0,0,,0,0,0,148,
tu_talento,M11 U07,Ingresos fuera de cámara,68.4,bastante fácil,0,0,,0,0,0,96,
tu_talento,M11 U08,Tu carrera larga,71.7,bastante fácil,0,0,,0,0,0,103,
tu_talento,M11 U09,Tu plan de una página,77.0,bastante fácil,0,0,,0,0,0,176,
tu_temporada,M1 U01,Dos caminos: Canadá y Estados Unidos,80.4,muy fácil,0,0,,0,0,1,187,
tu_temporada,M1 U02,Reclutadores falsos,75.4,bastante fácil,0,0,,0,0,3,142,
tu_temporada,M1 U03,Lee tu contrato,80.9,muy fácil,0,0,,0,0,1,133,
tu_temporada,M2 U01,No te endeudes para irte,82.1,muy fácil,1,1,,0,0,1,136,"Son los trámites y el traslado a la ciudad donde se hacen, la cuota de la visa en la H-2A (que te reembolsan) y tus primeros gastos personales."
tu_temporada,M2 U02,Quién maneja el dinero en casa,87.5,muy fácil,0,0,,0,0,0,112,
tu_temporada,M2 U03,El presupuesto de la familia mientras no estás,73.8,bastante fácil,0,0,,0,0,0,107,
tu_temporada,M3 U01,Tu talón de pago,84.1,muy fácil,0,0,,0,0,1,139,
tu_temporada,M3 U02,¿Te pagan lo correcto?,81.7,muy fácil,0,0,,0,0,1,149,
tu_temporada,M3 U03,Cobrar sin perder en comisiones,74.4,bastante fácil,0,0,,0,0,2,98,
tu_temporada,M4 U01,Compara antes de mandar,73.3,bastante fácil,0,0,,0,0,1,156,
tu_temporada,M4 U02,El plan para la remesa,77.8,bastante fácil,0,0,,0,0,0,93,
tu_temporada,M4 U03,Ahorrar allá o mandar a México,77.4,bastante fácil,0,0,,0,0,1,123,
tu_temporada,M5 U01,Impuestos en Estados Unidos con visa H-2A,76.8,bastante fácil,0,0,,0,0,2,105,
tu_temporada,M5 U02,Impuestos en Canadá con el PTAT,73.6,bastante fácil,0,0,,0,0,1,131,
tu_temporada,M5 U03,Tu carpeta de papeles,78.3,bastante fácil,0,0,,0,0,0,92,
tu_temporada,M6 U01,Tus derechos básicos allá,74.0,bastante fácil,0,0,,0,0,1,86,
tu_temporada,M6 U02,Si te lastimas o te enfermas,75.0,bastante fácil,0,0,,0,0,1,103,
tu_temporada,M6 U03,A quién llamar,76.1,bastante fácil,0,0,,0,0,1,101,
tu_temporada,M7 U01,El regreso,76.8,bastante fácil,0,0,,0,0,2,100,
tu_temporada,M7 U02,Los meses sin temporada,86.8,muy fácil,0,0,,0,0,0,100,
tu_temporada,M7 U03,¿Otra temporada?,85.5,muy fácil,0,0,,0,0,0,120,
tu_temporada,M8 U01,"Tu retiro: Canadá, Estados Unidos y México",82.6,muy fácil,0,0,,0,0,1,123,
tu_temporada,M8 U02,Un proyecto que produce,74.2,bastante fácil,0,0,,0,0,0,106,
tu_temporada,M8 U03,Tu plan de temporada en una página,79.5,bastante fácil,0,0,,0,0,0,87,
tu_trabajo_hogar,M1 U01,¿Cuánto te entra al mes?,85.5,muy fácil,0,1,,0,0,0,204,
tu_trabajo_hogar,M1 U02,Tu dinero de la semana,88.1,muy fácil,0,0,,0,0,0,114,
tu_trabajo_hogar,M1 U03,Los gastos chiquitos del trabajo,82.0,muy fácil,0,0,,0,0,0,101,
tu_trabajo_hogar,M1 U04,Aparta primero,83.4,muy fácil,0,0,,0,0,0,95,
tu_trabajo_hogar,M1 U05,"Compra inteligente: abonos, precios y pagos chiquitos",83.7,muy fácil,0,0,,0,0,0,98,
tu_trabajo_hogar,M2 U01,Tus derechos: lo que la ley dice de tu trabajo,77.1,bastante fácil,0,0,,0,0,0,180,
tu_trabajo_hogar,M2 U02,¿Cuánto cobrar? Tu tarifa,85.5,muy fácil,0,0,,0,0,0,97,
tu_trabajo_hogar,M2 U03,Acuerdos claros y qué hacer si no te pagan,81.8,muy fácil,0,0,,0,0,0,130,
tu_trabajo_hogar,M2 U04,Cobrar sin perder: tu cuenta y las transferencias,83.0,muy fácil,0,0,,0,0,0,162,
tu_trabajo_hogar,M3 U01,Tandas: cómo funcionan y qué puede salir mal,82.8,muy fácil,0,0,,0,0,0,81,
tu_trabajo_hogar,M3 U02,Tu tanda con reglas o tu propio ahorro,84.8,muy fácil,0,1,,0,0,0,134,
tu_trabajo_hogar,M3 U03,Tu fondo para emergencias,82.4,muy fácil,0,0,,0,0,0,89,
tu_trabajo_hogar,M3 U04,"Ahorra para lo que viene: útiles, diciembre y metas",75.9,bastante fácil,0,0,,0,0,0,108,
tu_trabajo_hogar,M4 U01,¿Cuánto das a tu familia?,87.9,muy fácil,0,0,,0,0,0,125,
tu_trabajo_hogar,M4 U02,Prestar a la familia sin perder,87.1,muy fácil,0,0,,0,0,0,103,
tu_trabajo_hogar,M4 U03,"Aval, obligado solidario y referencia: ¿qué firmas?",77.5,bastante fácil,0,0,,0,0,0,172,
tu_trabajo_hogar,M4 U04,Decir que no sin culpa y hablar de dinero en casa,86.9,muy fácil,0,0,,0,0,0,131,
tu_trabajo_hogar,M4 U05,Tu dinero a tu nombre: autonomía y violencia económica,81.5,muy fácil,0,0,,0,0,0,170,
tu_trabajo_hogar,M4 U06,Pensión alimenticia: lo que les toca a tus hijos y nietas,77.4,bastante fácil,0,0,,0,0,0,226,
tu_trabajo_hogar,M5 U01,¿Cuánto debes en total?,89.3,muy fácil,0,0,,0,0,0,104,
tu_trabajo_hogar,M5 U02,Lo que de verdad cuesta un préstamo,85.3,muy fácil,0,0,,0,0,0,71,
tu_trabajo_hogar,M5 U03,"Prestamistas, «gota a gota» y apps que amenazan",82.1,muy fácil,0,0,,0,0,0,100,
tu_trabajo_hogar,M5 U04,Tu plan para salir de deudas,89.0,muy fácil,0,0,,0,0,0,131,
tu_trabajo_hogar,M5 U05,Tu historial de crédito sin miedo,80.1,muy fácil,0,0,,0,0,0,129,
tu_trabajo_hogar,M5 U06,Adelantos de la patrona y préstamo de nómina,81.5,muy fácil,0,0,,0,0,0,206,
tu_trabajo_hogar,M5 U07,Empeñar sin perder tu prenda,80.7,muy fácil,0,0,,0,0,0,205,
tu_trabajo_hogar,M6 U01,Cuando la casa te inscribe al IMSS,75.5,bastante fácil,0,0,,0,0,0,198,
tu_trabajo_hogar,M6 U02,IMSS por tu cuenta: inscríbete tú y paga tu cuota,78.6,bastante fácil,1,1,,0,0,0,248,Consultado el 30 de septiembre de 2026 a través de medios nacionales que citan las tablas del IMSS; confirma en tu clínica o en el IMSS antes de pagar.
tu_trabajo_hogar,M6 U03,Sin seguridad social: IMSS-Bienestar y tu prevención,82.7,muy fácil,0,0,,0,0,0,121,
tu_trabajo_hogar,M6 U04,"Cuida tu cuerpo, cuida tu ingreso",78.7,bastante fácil,0,0,,0,0,0,87,
tu_trabajo_hogar,M6 U05,Seguros chiquitos: vida y gastos funerarios,77.5,bastante fácil,0,0,,0,0,0,95,
tu_trabajo_hogar,M7 U01,"«Mamá, estoy en problemas»: llamadas y mensajes falsos",85.2,muy fácil,0,0,,0,0,0,116,
tu_trabajo_hogar,M7 U02,"Falsos apoyos, falsos trabajos y cobros por trámites",77.9,bastante fácil,0,0,,0,0,0,130,
tu_trabajo_hogar,M7 U03,Tu celular con candado,87.7,muy fácil,0,0,,0,0,0,123,
tu_trabajo_hogar,M7 U04,"Tus datos, tu identidad y los registros para que no te molesten",86.6,muy fácil,0,0,,0,0,0,146,
tu_trabajo_hogar,M8 U01,Tus pensiones del Bienestar,80.9,muy fácil,0,0,,0,0,0,129,
tu_trabajo_hogar,M8 U02,Tu Afore: encuéntrala y ahórrale desde 50 pesos,80.2,muy fácil,0,0,,0,0,0,159,
tu_trabajo_hogar,M8 U03,"Las becas de tus hijas y nietas, sin coyotes",77.8,bastante fácil,0,0,,0,0,0,138,
tu_trabajo_hogar,M8 U04,Sin juicio: beneficiarias en todo lo que tienes,75.9,bastante fácil,0,0,,0,0,0,142,
tu_trabajo_hogar,M8 U05,"Tu casa, tu tierra y tu testamento",77.3,bastante fácil,0,0,,0,0,0,182,
tu_trabajo_hogar,M8 U06,"Heredar sin sustos: deudas, impuestos y la plática en familia",81.0,muy fácil,0,0,,0,0,0,195,
tu_trabajo_hogar,M9 U01,De sobrevivir a crecer: lo que ya sabes vale,85.3,muy fácil,0,0,,0,0,0,144,
tu_trabajo_hogar,M9 U02,Ofrece servicios extra y consigue clientas,77.4,bastante fácil,0,0,,0,0,0,92,
tu_trabajo_hogar,M9 U03,Apps y agencias de limpieza: ¿cuánto te queda?,91.9,muy fácil,0,0,,0,0,0,122,
tu_trabajo_hogar,M9 U04,Tu plan de una página y tu compromiso,80.6,muy fácil,0,0,,0,0,0,165,
tu_turno,M1 U01,¿Cuánto entra de verdad?,89.2,muy fácil,0,0,,0,0,0,188,
tu_turno,M1 U02,Tu presupuesto de turno,86.5,muy fácil,0,0,,0,0,0,92,
tu_turno,M1 U03,Los gastos del turno que no ves,83.3,muy fácil,0,0,,0,0,0,75,
tu_turno,M1 U04,Aparta primero,83.8,muy fácil,0,0,,0,0,0,77,
tu_turno,M1 U05,Dinero y estrés: cómo hablarlo en casa,85.3,muy fácil,0,0,,0,0,0,110,
tu_turno,M1 U06,"Compra inteligente: precio por unidad, publicidad y pagos chiquitos",82.0,muy fácil,0,0,,0,0,0,111,
tu_turno,M2 U01,Una cuenta sin comisiones,84.3,muy fácil,0,0,,0,0,0,130,
tu_turno,M2 U02,Cobrar y pagar sin perder dinero,80.6,muy fácil,0,0,,0,0,0,78,
tu_turno,M2 U03,Quién te protege y dónde reclamar,88.2,muy fácil,0,0,,0,0,0,96,
tu_turno,M2 U04,¿A quién le crees? Información confiable y cambios que te afectan,82.2,muy fácil,0,0,,0,0,0,141,
tu_turno,M2 U05,El dinero pierde valor: inflación e interés compuesto,82.0,muy fácil,0,0,,0,0,0,219,
tu_turno,M2 U06,Tu dinero a trabajar: primeros pasos para invertir,78.9,bastante fácil,0,0,,0,0,1,138,
tu_turno,M3 U01,¿Cuánto debes en total?,91.5,muy fácil,0,0,,0,0,0,87,
tu_turno,M3 U02,Lo que de verdad cuesta un préstamo,80.8,muy fácil,0,0,,0,0,0,103,
tu_turno,M3 U03,Prestamistas y «gota a gota»,70.9,bastante fácil,0,0,,0,0,0,136,
tu_turno,M3 U04,Tu plan para salir de deudas,86.9,muy fácil,0,0,,0,0,0,114,
tu_turno,M3 U05,Apuestas en línea: cuando el juego se vuelve deuda,81.3,muy fácil,0,0,,0,0,0,163,
tu_turno,M3 U06,"Préstamo de nómina, FONACOT y adelantos: lo que te descuentan",75.9,bastante fácil,0,0,,0,0,0,253,
tu_turno,M3 U07,Empeñar sin perder tu prenda,78.3,bastante fácil,0,0,,0,0,0,243,
tu_turno,M4 U01,Tandas: cómo funcionan y qué puede salir mal,78.5,bastante fácil,0,0,,0,0,0,78,
tu_turno,M4 U02,Tu tanda con reglas o tu propio ahorro,77.3,bastante fácil,0,0,,0,0,0,112,
tu_turno,M4 U03,Tu casa: Infonavit y el crédito de 100 puntos,75.7,bastante fácil,1,0,,0,0,0,178,"Pueden precalificar con 100 puntos, en lugar de 1,080, quienes ganan entre uno y dos salarios mínimos, cotizan seis meses seguidos o más y no tienen vivienda propia."
tu_turno,M5 U01,Qué es el Buró de Crédito,80.3,muy fácil,0,0,,0,0,0,117,
tu_turno,M5 U02,Tu reporte sin costo y cómo reclamar,77.5,bastante fácil,0,0,,0,0,0,128,
tu_turno,M5 U03,Cómo mejorar tu historial,84.7,muy fácil,0,0,,0,0,0,79,
tu_turno,M5 U04,"Aval, obligado solidario, fiador y referencia: ¿qué firmas?",72.2,bastante fácil,0,0,,0,0,1,221,
tu_turno,M6 U01,Llamadas y mensajes falsos,85.2,muy fácil,0,0,,0,0,0,101,
tu_turno,M6 U02,Apps «montadeudas»,81.7,muy fácil,0,0,,0,0,0,114,
tu_turno,M6 U03,Extorsión telefónica,78.2,bastante fácil,0,0,,0,0,0,68,
tu_turno,M6 U04,Si ya te pasó: qué hacer,89.4,muy fácil,0,0,,0,0,0,110,
tu_turno,M6 U05,Tu identidad y que dejen de llamarte,80.3,muy fácil,0,0,,0,0,1,273,
tu_turno,M6 U06,Voces y videos falsos con inteligencia artificial,77.5,bastante fácil,0,0,,0,0,0,107,
tu_turno,M7 U01,"Tu fondo de emergencia, de poco a poco",77.2,bastante fácil,0,0,,0,0,0,69,
tu_turno,M7 U02,Tu salud y la de tu familia: estar preparado,76.1,bastante fácil,0,0,,0,0,0,79,
tu_turno,M7 U03,"Seguro de vida, gastos funerarios y beneficiarios",74.6,bastante fácil,0,0,,0,0,0,87,
tu_turno,M7 U04,"Si llega un desastre: sismo, inundación o incendio",75.8,bastante fácil,0,0,,0,0,0,125,
tu_turno,M7 U05,Salud para tu familia: el seguro del IMSS que pagas tú,80.6,muy fácil,0,0,,0,0,0,203,
tu_turno,M7 U06,Que tu familia no quede atorada: beneficiarios y testamento,73.9,bastante fácil,0,0,,0,0,0,178,
tu_turno,M7 U07,"Tu casa, tu tierra y lo que se hereda",83.0,muy fácil,0,1,,0,0,0,201,
tu_turno,M7 U08,"Tu dinero, tu decisión: violencia económica en casa",77.9,bastante fácil,1,0,,0,0,0,216,"Dato vigente: la Ley General de Acceso de las Mujeres a una Vida Libre de Violencia define la violencia patrimonial y la económica (artículo 6, fracciones III y IV)."
tu_turno,M7 U09,"Pensión alimenticia: pedirla, pagarla y que llegue a tus hijos",79.5,bastante fácil,0,0,,0,0,0,218,
tu_turno,M8 U01,Ahorro para el retiro por tu cuenta,78.1,bastante fácil,0,0,,0,0,0,109,
tu_turno,M8 U02,Un ingreso extra en tus días de descanso,76.6,bastante fácil,0,0,,0,0,0,81,
tu_turno,M8 U03,Tu plan de una página,81.7,muy fácil,0,0,,0,0,0,148,
your_business_us_en,M1 U01,Is your business making money or just selling?,76.7,fácil,0,0,,0,0,0,118,
your_business_us_en,M1 U02,Keep business money separate from home money,72.8,fácil,0,0,,0,0,0,195,
your_business_us_en,M1 U03,Pay yourself a salary,80.8,fácil,0,0,,0,0,0,145,
your_business_us_en,M1 U04,Records in 10 minutes a day,77.7,fácil,0,0,,0,0,0,128,
your_business_us_en,M1 U05,Online betting: business money isn't for gambling,71.0,fácil,0,0,,0,0,0,145,
your_business_us_en,M1 U06,"Your business, your decisions: your money in your name",72.5,fácil,0,0,,0,0,1,187,
your_business_us_en,M2 U01,Fixed and variable costs,89.6,fácil,0,0,,0,0,0,104,
your_business_us_en,M2 U02,How much should you charge?,78.9,fácil,0,0,,0,0,0,118,
your_business_us_en,M2 U03,Your break-even point,82.4,fácil,0,0,,0,0,0,115,
your_business_us_en,M2 U04,Inventory and waste,90.1,fácil,0,0,,0,0,0,129,
your_business_us_en,M3 U01,Profit isn't cash,84.6,fácil,0,0,,0,0,0,153,
your_business_us_en,M3 U02,"Customer credit, invoices and collections",77.1,fácil,0,0,,0,0,0,136,
your_business_us_en,M3 U03,Your reserve and slow seasons,75.4,fácil,0,0,,0,0,0,115,
your_business_us_en,M3 U04,"Inflation, interest rates and compound interest in your business",78.3,fácil,0,0,,0,0,1,172,
your_business_us_en,M4 U01,"Cash, card, apps or payment link",75.6,fácil,0,0,,0,0,0,149,
your_business_us_en,M4 U02,Safe app and transfer payments,77.3,fácil,0,0,,0,0,0,131,
your_business_us_en,M4 U03,Scams when you sell,75.0,fácil,0,1,,0,0,1,129,
your_business_us_en,M5 U01,"Sole proprietor, LLC or something else?",67.5,normal,0,0,,0,0,0,183,
your_business_us_en,M5 U02,"Numbers and permits: EIN, ITIN and licenses",70.8,fácil,0,0,,0,0,0,230,
your_business_us_en,M5 U03,Your federal taxes as an owner,67.1,normal,0,0,,0,0,0,135,
your_business_us_en,M5 U04,Quarterly payments and 1099 forms,77.9,fácil,0,0,,0,0,0,195,
your_business_us_en,M5 U05,Sales tax,73.9,fácil,0,0,,0,0,0,159,
your_business_us_en,M6 U01,Do you need credit?,77.4,fácil,0,0,,0,0,0,118,
your_business_us_en,M6 U02,Credit options and how to check them,70.3,fácil,0,0,,0,0,0,170,
your_business_us_en,M6 U03,"The total cost: APR, fees and guarantees",76.9,fácil,0,0,,0,0,0,148,
your_business_us_en,M6 U04,"Don't mix debts, and be careful about cosigning",76.4,fácil,0,0,,0,0,1,148,
your_business_us_en,M6 U05,"Cosigner, guarantor, authorized user and reference: what are you signing?",80.0,fácil,0,0,,0,0,0,236,
your_business_us_en,M7 U01,Your health when you work for yourself,56.5,algo difícil,0,0,,0,0,1,113,
your_business_us_en,M7 U02,Insurance for your business,67.5,normal,0,0,,0,0,0,102,
your_business_us_en,M7 U03,Scams against businesses,68.0,normal,0,1,,0,0,2,130,
your_business_us_en,M7 U04,Your brand and your name,64.2,normal,0,0,,0,0,0,166,
your_business_us_en,M7 U05,Identity theft and unwanted calls,71.7,fácil,0,1,,0,0,3,249,
your_business_us_en,M7 U06,"AI scams: fake voices, videos and messages",72.7,fácil,0,0,,0,0,1,121,
your_business_us_en,M7 U07,If disaster strikes: your business ready,61.8,normal,0,0,,0,0,1,162,
your_business_us_en,M8 U01,Hiring help,67.4,normal,0,0,,0,0,0,187,
your_business_us_en,M8 U02,Selling online and on platforms,83.6,fácil,0,0,,0,0,0,75,
your_business_us_en,M8 U03,Your monthly numbers,79.8,fácil,0,0,,0,0,0,95,
your_business_us_en,M8 U04,"Stress, business and family",77.4,fácil,0,0,,0,0,0,107,
your_business_us_en,M8 U05,Your one-page business plan and how to pitch it,78.0,fácil,0,0,,0,0,1,179,
your_business_us_en,M8 U06,"Your business and its surroundings: competition, economy, community and rule changes",75.6,fácil,0,0,,0,0,3,97,
your_business_us_en,M8 U07,Pay advances and loans to your employees,73.1,fácil,0,0,,0,0,1,180,
your_business_us_en,M9 U01,Your retirement when you work for yourself,63.0,normal,0,0,,0,0,0,212,
your_business_us_en,M9 U02,If the business changes or you're not there,71.9,fácil,0,0,,0,0,0,102,
your_business_us_en,M9 U03,Your one-page plan,76.9,fácil,0,0,,0,0,0,163,
your_business_us_en,M9 U04,"If you're not there: beneficiary accounts, your home, digital access and taxes",69.9,normal,0,1,,0,0,0,264,
your_money_en,M1 U01,Is all the money I receive money I earned?,85.4,fácil,1,0,,0,0,0,380,"it comes from a payroll advance app, or from your boss ""against"" your wages; someone tells you they lent it to you or ""deposited it by mistake""; it's a transfer from another account of yours; your statement says refund, reversal or credit a"
your_money_en,M1 U02,Why doesn't the same money go as far anymore?,87.8,fácil,0,0,,0,0,0,333,
your_money_en,M1 U03,What do I need to take care of first?,79.9,fácil,1,0,,0,0,0,327,"each adult has a small amount for personal use, without having to explain what it's for; big purchases are decided together; nobody signs debts in someone else's name without their permission."
your_money_en,M1 U04,Is getting paid every week the same as getting paid every month?,85.0,fácil,0,0,,0,0,0,321,
your_money_en,M1 U05,Why is my deposit smaller than what I earned?,79.5,fácil,0,0,,0,0,0,375,
your_money_en,M1 U06,Can a small purchase add up to a lot?,82.8,fácil,1,0,,0,0,0,357,"another bank's ATMs, which can charge twice: your bank and the ATM owner; a monthly account fee if you don't keep a minimum balance; overdraft fees."
your_money_en,M1 U07,Why am I short on money if I earn enough this month?,80.2,fácil,2,0,,0,0,0,315,set aside money from the previous paycheck; ask to change a payment date and confirm whether there are fees; agree on a partial payment; move an expense that can wait.
your_money_en,M1 U08,How do I decide what to use my money for?,83.9,fácil,0,0,,0,0,0,302,
your_money_en,M1 U09,Does filing taxes mean I'll get money back?,82.1,fácil,0,0,,0,0,0,374,
your_money_en,M1 U10,Is everything I earn on my own for spending?,81.5,fácil,1,0,,0,0,0,319,"a business license from your city; a seller's permit if you sell products, for example food; an employer identification number (EIN) if you hire someone."
your_money_en,M1 U11,What tax benefits are there if I file with an ITIN?,75.9,fácil,0,0,,0,0,0,300,
your_money_en,M1 U12,How do I choose someone to help me with taxes?,76.6,fácil,1,0,,0,0,0,290,"promises ""the maximum refund guaranteed"" before seeing your papers; asks you to sign blank pages; wants the refund sent to their account instead of yours; suggests making up expenses or dependents; doesn't sign the return as the preparer."
your_money_en,M1 U13,What should I know before I apply for public benefits?,63.0,normal,0,0,,0,0,0,274,
your_money_en,M1 U14,How do I turn what I learned into something I can actually do?,83.1,fácil,1,0,,0,0,0,308,did you add gross and net pay from the same wages? did you count transfers between your accounts as income? do taxes and remittances have dates? did you assign the same savings to two things? does the plan depend on one-time income?
your_money_en,M2 U01,Who takes care of my money and who provides the service?,76.8,fácil,0,0,,0,0,0,311,
your_money_en,M2 U02,Is a money app always a bank?,83.1,fácil,0,0,,0,0,0,350,
your_money_en,M2 U03,What ID works for financial paperwork?,70.8,fácil,0,0,,0,0,0,287,
your_money_en,M2 U04,"What do I need to open an account, and how much does it cost to keep it?",75.7,fácil,0,0,,0,0,0,288,
your_money_en,M2 U05,Is all the balance I see available to spend?,81.5,fácil,0,0,,0,0,0,257,
your_money_en,M2 U06,How do I support my family without deciding at the last minute?,79.9,fácil,1,0,,0,0,0,284,you pay more fees with small sends; your family receives the money at different times; you may come up short between sends if you don't plan.
your_money_en,M2 U07,"How much can I send, and when?",79.9,fácil,0,0,,0,0,0,329,
your_money_en,M2 U08,"Does ""no fee"" always mean more money arrives?",80.3,fácil,1,0,,0,0,0,273,you avoid the 1% cash tax; you often pay a lower fee; your family receives the pesos in their account and doesn't have to carry cash on the street.
your_money_en,M2 U09,"What do I check before sending, and what do I do if something goes wrong?",74.7,fácil,1,0,,0,0,0,239,"the date the money will be available; the amount sent, the fees and the taxes; the exchange rate; the amount your family will receive; your rights to cancel and complain, and who to contact."
your_money_en,M2 U10,What happens when I borrow to send money?,82.6,fácil,0,0,,0,0,0,277,
your_money_en,M2 U11,How do I say how much I can help without promising too much?,80.9,fácil,1,0,,0,0,0,264,"have a trusted contact to confirm, like another relative; ask a question only the family would know, for example the name of a childhood pet; be suspicious of new numbers, requests for payment with gift cards or cryptocurrency, and anyone w"
your_money_en,M2 U12,How do I save for something that will be paid in pesos?,82.3,fácil,1,0,,0,0,0,261,the deed (escritura): whose name it's in; the Public Property Registry (Registro Público de la Propiedad): that it has no problems; whether you need a contract or a notarized document that recognizes your share.
your_money_en,M2 U13,How do I bring my account and my remittances into one plan?,82.8,fácil,1,0,,0,0,0,248,your income drops 20% and an unusual request arrives; your account asks for a document you don't have; the exchange rate gets worse; the transfer takes two more days.
your_money_en,M3 U01,"If they lend me money, does that mean I can pay it back?",83.0,fácil,0,0,,0,0,0,244,
your_money_en,M3 U02,How do I know what information is used about my debts?,74.0,fácil,0,0,,0,0,0,282,
your_money_en,M3 U03,How do I start if I have no credit history?,75.4,fácil,0,1,,0,0,0,255,
your_money_en,M3 U04,Does improving my credit mean erasing everything?,74.4,fácil,0,0,,0,0,0,244,
your_money_en,M3 U05,Why can a small payment end up costing more?,85.4,fácil,0,0,,0,0,0,228,
your_money_en,M3 U06,Which debt do I start with?,84.9,fácil,0,0,,0,0,0,274,
your_money_en,M3 U07,What do I do if I know I won't be able to pay?,78.8,fácil,0,1,,0,0,0,239,
your_money_en,M3 U08,Can signing to help someone leave me with a debt?,82.7,fácil,0,2,,0,0,0,323,
your_money_en,M3 U09,Does a tanda help me build credit?,78.1,fácil,0,0,,0,0,0,257,
your_money_en,M3 U10,What's my next step with credit?,76.3,fácil,1,0,,0,0,0,206,set up automatic minimum payments and pay the rest manually; check your no-cost reports every few months; freeze your credit if you don't plan to borrow soon (M4 U04).
your_money_en,M3 U11,Is a paycheck advance money at no cost?,85.2,fácil,0,0,,0,0,2,163,
your_money_en,M3 U12,Is pawning a good way out?,94.2,fácil,0,0,,0,0,1,188,
your_money_en,M4 U01,Why is someone pushing me to act right now?,82.8,fácil,0,0,,0,0,0,260,
your_money_en,M4 U02,Who can really help me with an immigration case?,57.9,algo difícil,1,0,,0,0,0,263,"demand immediate payment to ""avoid a deportation,"" ""release a relative"" or ""cancel a fine""; ask you to pay with gift cards, cryptocurrency, wire transfers or apps; threaten to arrest you if you hang up."
your_money_en,M4 U03,What protects my accounts besides a password?,80.6,fácil,0,0,,0,0,0,222,
your_money_en,M4 U04,What do I do if I already shared information or see something strange?,77.5,fácil,0,0,,0,0,0,264,
your_money_en,M4 U05,Is talking about money the same as controlling someone?,67.7,normal,0,0,,0,0,0,272,
your_money_en,M4 U06,What is setting aside a little money for?,78.1,fácil,0,0,,0,0,0,257,
your_money_en,M4 U07,Does having insurance mean I won't pay anything?,69.9,normal,0,0,,0,0,0,242,
your_money_en,M4 U08,Is this medical document asking me to pay?,69.9,normal,0,0,,0,0,0,208,
your_money_en,M4 U09,How do I pay for the essentials if I can't work for a few days?,67.9,normal,0,0,,0,0,0,203,
your_money_en,M4 U10,What happens to my family and my money if I can't be there?,61.6,normal,1,0,,0,0,0,221,"everyone's birth certificates and passports; if your children were born in the U.S., consider getting their U.S. passport and registering their dual nationality at the consulate; health insurance cards, prescriptions and health information;"
your_money_en,M4 U11,How do I know if my protection plan works?,82.7,fácil,0,0,,0,0,0,169,
your_money_en,M4 U12,How do I make sure child support reaches my kids?,71.1,fácil,0,0,,0,0,2,149,
your_money_en,M5 U01,How do I turn a wish into a goal?,84.2,fácil,0,1,,0,0,0,288,
your_money_en,M5 U02,Does having more money mean my investment made money?,85.4,fácil,0,0,,0,0,0,236,
your_money_en,M5 U03,Does opening an account mean I already invested?,73.1,fácil,0,0,,0,0,0,240,
your_money_en,M5 U04,Rent or buy? What rights do I have as a tenant?,74.5,fácil,0,0,,0,0,0,251,
your_money_en,M5 U05,Is the advertised price all it costs?,74.6,fácil,0,0,,0,0,0,241,
your_money_en,M5 U06,What will I live on when I work less or stop working?,77.1,fácil,0,0,,0,0,0,248,
your_money_en,M5 U07,What happens to what I saved in Mexico?,70.2,fácil,0,0,,0,0,0,267,
your_money_en,M5 U08,What happens to my family if something happens to me?,67.7,normal,0,0,,0,0,0,282,
your_money_en,M5 U09,How do I plan when my income changes every month?,84.7,fácil,0,0,,0,0,0,231,
your_money_en,M5 U10,How do I formalize my business?,72.0,fácil,0,0,,0,0,0,260,
your_money_en,M5 U11,What's my financial plan?,76.5,fácil,0,0,,0,0,0,270,
your_money_en,M5 U12,What happens if I inherit or leave something across two countries?,66.5,normal,0,0,,0,0,0,317,
