tipo,curso,donde,dato,consultado,revisar_antes,fuente,estado,confirmado
lección,tu_dinero_es,M5 U04,"Dato vigente: la hipoteca de Dream For All de CalHFA pide que cada comprador sea ciudadano o «qualified alien» según la ley federal. En 2024 se vetó la ley AB 1840, que buscaba abrir el programa a personas con ITIN. Consultado el 6 de octubre de 2026 a través de CalHFA y medios de California.",2026-10-06,2027-04-06,CalHFA y medios de California,vigente,
lección,tu_dinero_es,M5 U12,"Dato vigente: el impuesto federal sobre herencias aplica solo a patrimonios de más de 15 millones de dólares por persona en 2026. Las herencias y regalos de personas extranjeras de más de 100,000 dólares se reportan en el Formulario 3520. Consultado el 30 de septiembre de 2026 a través del IRS y medios especializados.",2026-09-30,2027-03-28,,vigente,
lección,tu_idea,M1 U02,"Dato vigente: la Ley Federal del Trabajo permite trabajar a partir de los 15 años. Si tienes menos de 18, la jornada máxima es de 6 horas diarias, sin trabajo nocturno ni actividades peligrosas. Consultado el 30 de septiembre de 2026 a través de la Ley Federal del Trabajo y la STPS.",2026-09-30,2027-03-28,la Ley Federal del Trabajo y la STPS,vigente,
lección,tu_idea,M1 U04,"Dato vigente: la Beca Benito Juárez para estudiantes de preparatoria pública da 1,900 pesos cada dos meses. Son cinco depósitos al año, en una tarjeta del Banco del Bienestar. Consultado el 30 de septiembre de 2026 a través de Programas para el Bienestar.",2026-09-30,2027-03-28,Programas para el Bienestar,vigente,
lección,tu_idea,M2 U01,"Dato vigente: el IPAB protege los depósitos en bancos hasta 400,000 UDIS por persona y por banco. Consultado el 30 de septiembre de 2026 a través del IPAB.",2026-09-30,2027-03-28,,vigente,
lección,tu_idea,M5 U03,"Dato vigente: en Cetesdirecto se puede invertir desde 100 pesos, sin comisiones; la cuenta la abren personas mayores de edad. Consultado el 30 de septiembre de 2026 a través de Cetesdirecto.",2026-09-30,2027-03-28,Cetesdirecto,vigente,
lección,tu_idea,M6 U03,"Dato vigente: las reglas de la CONDUSEF solo permiten a los despachos de cobranza cobrar al deudor, a sus avales y a sus obligados solidarios. No pueden cobrar a referencias personales. Consultado el 30 de septiembre de 2026 a través de la CONDUSEF.",2026-09-30,2027-03-28,la CONDUSEF,vigente,
lección,tu_idea,M6 U04,"Dato vigente: en 2026, Jóvenes Construyendo el Futuro da un apoyo mensual de 9,582.47 pesos y seguro del IMSS por hasta 12 meses. Es para jóvenes de 18 a 29 años que no estudian ni trabajan, mientras se capacitan en un centro de trabajo. Consultado el 30 de septiembre de 2026 a través de la STPS.",2026-09-30,2027-03-28,la STPS,vigente,
lección,tu_idea,M6 U05,Dato vigente: el artículo 110 de la Ley Federal del Trabajo limita los descuentos por anticipos del patrón a 30% del excedente del salario mínimo. Consultado el 30 de septiembre de 2026 a través de la Ley Federal del Trabajo.,2026-09-30,2027-03-28,la Ley Federal del Trabajo,vigente,
lección,tu_idea,M7 U02,"Dato vigente: el Seguro de Salud para Estudiantes del IMSS es para estudiantes de escuelas públicas de nivel medio superior, superior y posgrado. No tiene costo y está vigente mientras estudies. La escuela te da de alta con tu NSS. Consultado el 30 de septiembre de 2026 a través del IMSS.",2026-09-30,2027-03-28,,vigente,
lección,tu_idea,M7 U03,"Dato vigente: la CONDUSEF advierte que prestar tu cuenta para recibir y mover dinero de otros puede ser delito. Se llama operaciones con recursos de procedencia ilícita, con penas de 5 a 15 años de prisión. Reclutan jóvenes con ofertas de «trabajo desde casa». Consultado el 30 de septiembre de 2026 a través de la CONDUSEF.",2026-09-30,2027-03-28,la CONDUSEF,vigente,
lección,tu_idea,M9 U02,Dato vigente: el salario mínimo general 2026 es de 315.04 pesos diarios; con el salario mínimo no se retiene ISR. Consultado el 30 de septiembre de 2026 a través de la CONASAMI y la Ley del ISR.,2026-09-30,2027-03-28,la CONASAMI y la Ley del ISR,vigente,
lección,tu_negocio_mx,M3 U04,"Dato vigente: la meta de inflación del Banco de México es de 3% anual, con un margen de un punto hacia arriba o hacia abajo. La inflación de cada mes la publica el INEGI. Consultado el 30 de septiembre de 2026 a través del Banco de México y el INEGI.",2026-09-30,2027-03-28,,vigente,
lección,tu_negocio_mx,M4 U01,Dato vigente: las terminales y los links de pago cobran por lo común entre 2.0% y 3.6% más IVA por cada cobro con tarjeta. Depende del proveedor y del tipo de tarjeta. Algunos cobran renta mensual o piden una venta mínima. Consultado el 29 de septiembre de 2026 a través de comparativos de mercado y CONDUSEF.,2026-09-29,2027-03-28,comparativos de mercado y CONDUSEF,vigente,
lección,tu_negocio_mx,M4 U02,"Dato vigente: el CEP se descarga en el sitio de Banco de México. Pide fecha, clave de rastreo o referencia, banco emisor, banco receptor, cuenta y monto. Confirma que la transferencia SPEI se liquidó. Consultado el 29 de septiembre de 2026 a través de Banco de México.",2026-09-29,2027-03-28,Banco de México,vigente,
lección,tu_negocio_mx,M4 U02,"Dato vigente: si no fijas tu límite de transferencias (Monto Transaccional del Usuario, MTU), el banco aplica uno de 1,500 UDIS; puedes ajustarlo en tu app. Obligatorio desde el 1 de enero de 2026. Consultado el 29 de septiembre de 2026 a través de la CNBV.",2026-09-29,2027-03-28,la CNBV,vigente,
lección,tu_negocio_mx,M5 U02,"Dato vigente: en RESICO de personas físicas, la tasa mensual va de 1% a 2.5% según lo que cobras en el mes. Hasta 25,000, 1%; hasta 50,000, 1.1%; hasta 83,333.33, 1.5%; hasta 208,333.33, 2%.  Más que eso, hasta 3.5 millones al año, 2.5%. Si facturas a una empresa (persona moral), te retiene 1.25%. Sin cambios de tasa en 2026. Consultado el 29 de septiembre de 2026 a través del SAT y la Ley del ISR (arts. 113-E y 113-J).",2026-09-29,2027-03-28,,vigente,
lección,tu_negocio_mx,M5 U02,Dato vigente: la regla 3.13.7 de la Resolución Miscelánea Fiscal 2026 exime de la declaración anual a quien cumple esas condiciones. Consultado el 29 de septiembre de 2026 a través del SAT.,2026-09-29,2027-03-28,,vigente,
lección,tu_negocio_mx,M6 U05,"Dato vigente: las reglas de la CONDUSEF solo permiten a los despachos de cobranza cobrar al deudor, a sus avales y a sus obligados solidarios. No pueden cobrar a referencias personales ni amenazar a familiares o compañeros de trabajo. Las quejas se presentan en el REDECO. Consultado el 30 de septiembre de 2026 a través de la CONDUSEF.",2026-09-30,2027-03-28,la CONDUSEF,vigente,
lección,tu_negocio_mx,M7 U01,"Dato vigente: en la Modalidad 10 se cotiza con un ingreso desde un salario mínimo (9,582.47 pesos al mes en 2026) hasta 25 UMA. La cuota mínima ronda 2,500 pesos al mes y la aportación a Infonavit (5%) es opcional. La cuota exacta se calcula en la calculadora del IMSS. Consultado el 29 de septiembre de 2026 a través del IMSS y medios especializados.",2026-09-29,2027-03-28,,vigente,
lección,tu_negocio_mx,M7 U04,"Dato vigente: el registro de marca en el IMPI cuesta 2,695.18 pesos más IVA por clase, dura 10 años y debe declararse su uso a los 3 años. Consultado el 29 de septiembre de 2026 a través de la tarifa del IMPI.",2026-09-29,2027-03-28,la tarifa del IMPI,vigente,
lección,tu_negocio_mx,M7 U05,"Dato vigente: en 2026, cada línea de celular se vincula con la CURP de su titular, con plazo final el 31 de diciembre de 2026. En portal.crt.gob.mx puedes consultar qué líneas están a tu nombre y desvincular las que no son tuyas, sin costo. Consultado el 29 de septiembre de 2026 a través de la Comisión Reguladora de Telecomunicaciones.",2026-09-29,2027-03-28,la Comisión Reguladora de Telecomunicaciones,vigente,
lección,tu_negocio_mx,M7 U05,"Dato vigente: REPEP: sin costo, fijo o celular, en repep.profeco.gob.mx o al 55 5568 8722 u 800 468 8722; en 30 días deben dejar de llamarte; no vence. REUS: sin costo, surte efecto en hasta 45 días y dura dos años; 55 5340 0999 u 800 999 8080. Consultado el 29 de septiembre de 2026 a través de Profeco y la CONDUSEF.",2026-09-29,2027-03-28,Profeco y la CONDUSEF,vigente,
lección,tu_negocio_mx,M8 U01,"Dato vigente: el salario mínimo general en 2026 es de 315.04 pesos diarios (9,582.47 al mes) y de 440.87 en la zona libre de la frontera norte. Nadie puede recibir menos por una jornada completa. Si pagas exactamente el mínimo, no retienes ISR (Ley del ISR, artículo 96).  Además, tú pagas también la cuota del trabajador al IMSS (Ley del Seguro Social, artículo 36). Consultado el 29 de septiembre de 2026 a través de CONASAMI, la Ley del ISR y la Ley del Seguro Social.",2026-09-29,2027-03-28,"CONASAMI, la Ley del ISR y la Ley del Seguro Social",vigente,
lección,tu_negocio_mx,M8 U02,"Dato vigente: en 2026, las plataformas digitales retienen a personas físicas 2.5% de ISR sobre el ingreso sin IVA por venta de bienes y servicios (antes 1%). De IVA retienen 8% del precio sin IVA si registraste tu RFC en la plataforma, y 16% si no. Consultado el 29 de septiembre de 2026 a través del SAT y las reformas fiscales de 2026.",2026-09-29,2027-03-28,,vigente,
lección,tu_negocio_mx,M8 U07,Dato vigente: el artículo 110 de la Ley Federal del Trabajo permite descontar anticipos de salario sin intereses. El tope es 30% de lo que se gana arriba del salario mínimo. El salario mínimo general en 2026 es de 315.04 pesos diarios. Consultado el 30 de septiembre de 2026 a través de la Ley Federal del Trabajo y la CONASAMI.,2026-09-30,2027-03-28,la Ley Federal del Trabajo y la CONASAMI,vigente,
lección,tu_negocio_mx,M9 U01,"Dato vigente: en el régimen general, las aportaciones a PPR y las complementarias de retiro son deducibles hasta 10% de los ingresos acumulables. El máximo es 5 UMA anuales (213,973.20 pesos en 2026). No aplican a los ingresos de RESICO. Consultado el 29 de septiembre de 2026 a través de la Ley del ISR (arts. 151-V y 185).",2026-09-29,2027-03-28,la Ley del ISR (arts. 151-V y 185),vigente,
lección,tu_negocio_mx,M9 U04,"Dato vigente: los ingresos por herencia no pagan ISR (Ley del ISR, artículo 93, fracción XXII). Se informan en la declaración anual si pasan de 500,000 pesos. Consultado el 30 de septiembre de 2026 a través del SAT y medios nacionales.",2026-09-30,2027-03-28,,vigente,
lección,tu_negocio_us_es,M1 U02,"Dato vigente: el FDIC asegura los depósitos en bancos hasta $250,000 por persona, por banco y por tipo de cuenta. El NCUA protege lo mismo en cooperativas de crédito (credit unions). Consultado el 29 de septiembre de 2026 a través de FDIC y NCUA.",2026-09-29,2027-03-28,FDIC y NCUA,vigente,
lección,tu_negocio_us_es,M1 U04,Dato vigente: la tarifa estándar del IRS para uso de negocio es de 72.5 centavos por milla de enero a junio de 2026. Desde el 1 de julio de 2026 es de 76 centavos por milla. Consultado el 29 de septiembre de 2026 a través del IRS (Notice 2026-10 e Internal Revenue Bulletin 2026-29).,2026-09-29,2027-03-28,,vigente,
lección,tu_negocio_us_es,M1 U05,"Dato vigente: en California las apuestas deportivas en línea no son legales. Desde el 1 de enero de 2026 también están prohibidos los «casinos de sorteo» en línea (sweepstakes casinos), por la ley AB 831. Las reglas cambian por estado. Consultado el 29 de septiembre de 2026 a través de fuentes legales y medios especializados.",2026-09-29,2027-03-28,fuentes legales y medios especializados,vigente,
lección,tu_negocio_us_es,M3 U04,Dato vigente: la meta de inflación de la Reserva Federal es de 2% anual a largo plazo. La Oficina de Estadísticas Laborales (BLS) publica cada mes el índice de precios al consumidor (CPI). Consultado el 30 de septiembre de 2026 a través de la Reserva Federal y la BLS.,2026-09-30,2027-03-28,la Reserva Federal y la BLS,vigente,
lección,tu_negocio_us_es,M4 U01,"Dato vigente: los procesadores de pago cobran por lo común entre 2.6% y 3.5% por cobro con tarjeta, más una cuota fija de unos centavos por transacción. Los cobros a distancia suelen costar más que los presenciales. Consultado el 29 de septiembre de 2026 a través de las tarifas publicadas de procesadores de pago.",2026-09-29,2027-03-28,las tarifas publicadas de procesadores de pago,vigente,
lección,tu_negocio_us_es,M5 U01,"Dato vigente: en California, una LLC paga un impuesto mínimo anual de $800 al Franchise Tax Board, aunque no tenga ingresos, hasta que se disuelve formalmente. También presenta una declaración de información cada dos años ante el Secretary of State. Consultado el 29 de septiembre de 2026 a través del Franchise Tax Board y el Secretary of State de California.",2026-09-29,2027-03-28,,vigente,
lección,tu_negocio_us_es,M5 U02,"Dato vigente: en California, los trabajos de construcción o reparación de más de $1,000 en total necesitan licencia. Se suman mano de obra y materiales; también la necesitan los trabajos que requieren permiso. La da la Contractors State License Board (CSLB). Consultado el 29 de septiembre de 2026 a través de la CSLB (AB 2622, vigente desde el 1 de enero de 2025).",2026-09-29,2027-03-28,"la CSLB (AB 2622, vigente desde el 1 de enero de 2025)",vigente,
lección,tu_negocio_us_es,M5 U03,"Dato vigente: el impuesto sobre el trabajo por cuenta propia es de 15.3%: 12.4% de Seguro Social y 2.9% de Medicare. Se calcula sobre el 92.35% de tu ganancia neta y se paga si ganas $400 o más.  La parte de Seguro Social se aplica hasta $184,500 en 2026. La deducción de 20% por ingreso calificado de negocio (QBI) quedó permanente desde 2026. Consultado el 29 de septiembre de 2026 a través del IRS y la ley One Big Beautiful Bill Act.",2026-09-29,2027-03-28,,vigente,
lección,tu_negocio_us_es,M5 U04,"Dato vigente: las fechas de pagos estimados para el año fiscal 2026 son el 15 de abril, el 15 de junio y el 15 de septiembre de 2026. La última es el 15 de enero de 2027. Consultado el 29 de septiembre de 2026 a través del IRS (Formulario 1040-ES).",2026-09-29,2027-03-28,,vigente,
lección,tu_negocio_us_es,M5 U04,"Dato vigente: desde los pagos de 2026, el formulario 1099-NEC se envía cuando un negocio te paga $2,000 o más en el año (antes $600). El 1099-K lo envían plataformas y procesadores cuando tus cobros superan $20,000 y 200 transacciones. Todo ingreso se declara aunque no recibas formulario. Consultado el 29 de septiembre de 2026 a través del IRS y la ley One Big Beautiful Bill Act.",2026-09-29,2027-03-28,,vigente,
lección,tu_negocio_us_es,M5 U05,"Dato vigente: en California, la tasa estatal base de impuesto sobre ventas es de 7.25%, y muchas ciudades y condados suman tasas locales. Para vender productos sujetos a impuesto se necesita un seller's permit del CDTFA, que no tiene costo. Consultado el 29 de septiembre de 2026 a través del CDTFA.",2026-09-29,2027-03-28,,vigente,
lección,tu_negocio_us_es,M6 U02,"Dato vigente: el programa de micropréstamos de la SBA ofrece préstamos de hasta $50,000. Los da a través de organizaciones sin fines de lucro, que suelen dar también asesoría.  Desde el 1 de abril de 2026, todos los dueños del negocio deben ser ciudadanos o nacionales de EE. UU. Quien tiene ITIN, green card o visa puede buscar CDFI que prestan con sus propios fondos. Consultado el 30 de septiembre de 2026 a través de la SBA (aviso de política 5000-877232).",2026-09-30,2027-03-28,"organizaciones sin fines de lucro, que suelen dar también asesoría.  Desde el 1 de abril de 2026, todos los dueños del negocio deben ser ciudadanos o nacionales de EE. UU. Quien tiene ITIN, green card o visa puede buscar CDFI que prestan con sus propios fondos. Consultado el 30 de septiembre de 2026 a través de la SBA (aviso de política 5000-877232)",vigente,
lección,tu_negocio_us_es,M6 U05,"Dato vigente: la ley federal de cobranza (FDCPA) solo permite que un cobrador contacte a otras personas para averiguar dónde localizarte. Le prohíbe decirles que tienes una deuda. Un cofirmante sí puede tener que pagar el total, más cargos por atraso o de cobranza. Consultado el 30 de septiembre de 2026 a través de la CFPB y la FTC.",2026-09-30,2027-03-28,la CFPB y la FTC,vigente,
lección,tu_negocio_us_es,M7 U04,Dato vigente: la solicitud base de marca en la USPTO cuesta $350 por clase. Puede haber cargos adicionales si la descripción no es del catálogo o falta información. Consultado el 29 de septiembre de 2026 a través de la USPTO (tarifas vigentes desde el 18 de enero de 2025).,2026-09-29,2027-03-28,la USPTO (tarifas vigentes desde el 18 de enero de 2025),vigente,
lección,tu_negocio_us_es,M7 U05,"Dato vigente: congelar y descongelar tu crédito no tiene costo en Equifax, Experian y TransUnion; hay que pedirlo en las tres. Una alerta de fraude inicial no tiene costo, dura un año y basta pedirla en una agencia. Puedes ver tus reportes sin costo cada semana en AnnualCreditReport.com. Consultado el 29 de septiembre de 2026 a través de la FTC.",2026-09-29,2027-03-28,la FTC,vigente,
lección,tu_negocio_us_es,M7 U05,Dato vigente: el Registro Nacional No Llame (National Do Not Call Registry) no tiene costo y el registro no vence. Tu número aparece al día siguiente y las empresas tienen hasta 31 días para dejar de llamar. Consultado el 29 de septiembre de 2026 a través de la FTC (donotcall.gov).,2026-09-29,2027-03-28,la FTC (donotcall.gov),vigente,
lección,tu_negocio_us_es,M7 U07,"Dato vigente: los préstamos por desastre de la SBA llegan hasta $500,000 para reparar la vivienda principal y $100,000 para bienes personales. Para negocios, hasta $2 millones por daños físicos o capital de trabajo. La tasa no pasa de 4% si no consigues crédito en otro lado. Consultado el 29 de septiembre de 2026 a través de la SBA.",2026-09-29,2027-03-28,la SBA,vigente,
lección,tu_negocio_us_es,M8 U01,"Dato vigente: el salario mínimo de California es de $16.90 por hora en 2026 (el federal es de $7.25, y muchas ciudades tienen uno más alto). Consultado el 29 de septiembre de 2026 a través del Departamento de Relaciones Industriales de California y el Departamento de Trabajo de EE. UU.",2026-09-29,2027-03-28,,vigente,
lección,tu_negocio_us_es,M9 U01,"Dato vigente: en 2026 ganas un crédito del Seguro Social por cada $1,890 de ganancias, hasta 4 créditos al año ($7,560). Consultado el 29 de septiembre de 2026 a través de la Administración del Seguro Social (SSA).",2026-09-29,2027-03-28,la Administración del Seguro Social (SSA),vigente,
lección,tu_negocio_us_es,M9 U01,"Dato vigente: para 2026, el límite de aportación a una IRA es de $7,500 ($8,600 con 50 años o más). A una SEP IRA, hasta 25% de la compensación y un máximo de $72,000. A un Solo 401(k), $24,500 como empleado y un total de $72,000, sin contar aportaciones adicionales por edad. Consultado el 29 de septiembre de 2026 a través del IRS.",2026-09-29,2027-03-28,,vigente,
lección,tu_negocio_us_es,M9 U04,Dato vigente: el impuesto federal sobre herencias aplica solo a patrimonios de más de 15 millones de dólares por persona en 2026; California no cobra impuesto a la herencia. Consultado el 30 de septiembre de 2026 a través del IRS y medios especializados.,2026-09-30,2027-03-28,,vigente,
lección,tu_patrimonio,M3 U03,"Dato vigente: el MTU es obligatorio desde el 1 de enero de 2026. Si no lo configuras, el banco aplica un límite de 1,500 UDIS (unos 12,800 pesos). Puedes cambiarlo en cualquier momento. Consultado el 29 de septiembre de 2026 a través de la CNBV y medios nacionales.",2026-09-29,2027-03-28,la CNBV y medios nacionales,vigente,
lección,tu_patrimonio,M4 U01,"Dato vigente: durante 2025, la CONDUSEF registró 72,873 asuntos relacionados con un posible fraude. De enero a marzo de 2026, el 37.4% de las reclamaciones que recibió se relacionaron con un posible fraude. Consultado el 29 de septiembre de 2026 a través de la CONDUSEF.",2026-09-29,2027-03-28,la CONDUSEF,vigente,
lección,tu_patrimonio,M4 U06,"Dato vigente: en 2026 es obligatorio registrar las líneas móviles con la CURP, con plazo final el 31 de diciembre de 2026. La consulta y la desvinculación no tienen costo en portal.crt.gob.mx. Consultado el 29 de septiembre de 2026 a través de la Comisión Reguladora de Telecomunicaciones.",2026-09-29,2027-03-28,la Comisión Reguladora de Telecomunicaciones,vigente,
lección,tu_patrimonio,M4 U07,"Dato vigente: REPEP: sin costo, fijo o celular; 55 5568 8722 (Ciudad de México) u 800 468 8722; 30 días para que dejen de llamar; no vence. REUS: hasta 45 días naturales; dura dos años; 55 5340 0999 u 800 999 8080. Consultado el 29 de septiembre de 2026 a través de Profeco y la CONDUSEF.",2026-09-29,2027-03-28,Profeco y la CONDUSEF,vigente,
lección,tu_patrimonio,M4 U08,Dato vigente: el 088 de la Guardia Nacional recibe reportes de delitos en línea; la CONDUSEF atiende en el 55 5340 0999 y el 800 999 8080. Consultado el 29 de septiembre de 2026 a través de la Guardia Nacional y la CONDUSEF.,2026-09-29,2027-03-28,la Guardia Nacional y la CONDUSEF,vigente,
lección,tu_patrimonio,M5 U02,"Dato vigente: el seguro de depósitos del IPAB cubre hasta 400,000 UDIS por persona y por banco; al 27 de septiembre de 2026 equivalían a unos 3,531,000 pesos. Consultado el 29 de septiembre de 2026 a través del IPAB y la CONDUSEF.",2026-09-29,2027-03-28,,vigente,
lección,tu_patrimonio,M5 U05,Dato vigente: el Banco de México fija reglas para el pago mínimo de las tarjetas de crédito. Tu estado de cuenta debe mostrar el pago mínimo y el pago para no generar intereses. También cuánto tardarías en liquidar si pagas solo el mínimo. Consultado el 30 de septiembre de 2026 a través del Banco de México y CONDUSEF.,2026-09-30,2027-03-28,,vigente,
lección,tu_patrimonio,M5 U06,"Dato vigente: puedes pedir tu reporte especial sin costo una vez cada 12 meses en Buró de Crédito y en Círculo de Crédito. Así lo dice la Ley para Regular las Sociedades de Información Crediticia, artículo 40. Consultado el 30 de septiembre de 2026 a través de sus sitios oficiales y CONDUSEF.",2026-09-30,2027-03-28,sus sitios oficiales y CONDUSEF,vigente,
lección,tu_patrimonio,M5 U07,"Dato vigente: las reglas de la CONDUSEF solo permiten a los despachos de cobranza cobrar al deudor, a sus avales y a sus obligados solidarios. No pueden cobrar a referencias personales ni amenazar a familiares o compañeros de trabajo. Las quejas se presentan en el REDECO. Consultado el 30 de septiembre de 2026 a través de la CONDUSEF.",2026-09-30,2027-03-28,la CONDUSEF,vigente,
lección,tu_patrimonio,M5 U08,Dato vigente: los préstamos a cuenta de pensión del IMSS son para pensionados de la Ley del Seguro Social de 1973. El descuento es de hasta 30% de la pensión e incluyen un seguro que cancela la deuda por fallecimiento. Las financieras deben tener convenio con el IMSS. Consultado el 30 de septiembre de 2026 a través del IMSS y medios nacionales.,2026-09-30,2027-03-28,,vigente,
lección,tu_patrimonio,M5 U09,Dato vigente: todas las casas de empeño deben estar inscritas en el Registro Público de Casas de Empeño (RPCE) de la PROFECO. Deben tener un contrato de adhesión registrado y renovar su registro cada año. Consultado el 30 de septiembre de 2026 a través de la PROFECO.,2026-09-30,2027-03-28,la PROFECO,vigente,
lección,tu_patrimonio,M6 U04,"Dato vigente: los asesores en inversiones deben registrarse ante la CNBV y, si son personas físicas, contar con certificación de un organismo autorizado. Consultado el 29 de septiembre de 2026 a través de la CNBV.",2026-09-29,2027-03-28,la CNBV,vigente,
lección,tu_patrimonio,M7 U03,"Dato vigente: la Modalidad 40 pide al menos 52 semanas cotizadas en los últimos cinco años antes de la baja, dentro de los plazos para conservar derechos. En 2026 la cuota es de 14.438% del salario registrado y sube hasta 18.8% en 2030. Consultado el 29 de septiembre de 2026 a través del IMSS (LSS art. 218) y medios especializados.",2026-09-29,2027-03-28,,vigente,
lección,tu_patrimonio,M7 U04,"Dato vigente: la pensión de viudez equivale, en general, al 90% de la pensión que recibía o habría recibido la persona asegurada. Consultado el 29 de septiembre de 2026 a través del IMSS y medios especializados.",2026-09-29,2027-03-28,,vigente,
lección,tu_patrimonio,M7 U04,"Dato vigente: en 2026, la Pensión Mujeres Bienestar entrega 3,100 pesos cada dos meses a mujeres de 60 a 64 años. La Pensión para Adultos Mayores entrega 6,400 pesos cada dos meses a personas de 65 años o más. Consultado el 29 de septiembre de 2026 a través de Programas para el Bienestar.",2026-09-29,2027-03-28,Programas para el Bienestar,vigente,
lección,tu_patrimonio,M7 U05,"Dato vigente: en el régimen del décimo transitorio, en 2026 y 2027 las mujeres pueden jubilarse a los 56 años con 28 años de servicio. Los hombres, a los 58 con 30 años. La edad baja poco a poco hasta 53 y 55 años en 2034. Consultado el 29 de septiembre de 2026 a través del decreto publicado en el DOF el 24 de junio de 2025 y medios especializados.",2026-09-29,2027-03-28,,vigente,
lección,tu_patrimonio,M7 U05,"Dato vigente: la pensión por viudez del ISSSTE equivale al 100% de la pensión que recibía la persona pensionada o que le habría correspondido. Si la persona trabajadora murió por causas ajenas al trabajo, necesitaba al menos 3 años de cotización. Consultado el 29 de septiembre de 2026 a través del ISSSTE (gob.mx/issste) y medios especializados.",2026-09-29,2027-03-28,,vigente,
lección,tu_patrimonio,M8 U06,"Dato vigente: la Ley sobre el Contrato de Seguro da a la aseguradora 30 días para pagar. Cuentan desde que recibe todos los documentos e información que te pidió. Si no te responde o no estás de acuerdo, puedes reclamar sin costo en la CONDUSEF. Consultado el 29 de septiembre de 2026 a través de la CONDUSEF.",2026-09-29,2027-03-28,la CONDUSEF,vigente,
lección,tu_patrimonio,M8 U07,"Dato vigente: las cuotas anuales del Seguro de Salud para la Familia (Modalidad 33) están vigentes desde el 1 de marzo de 2026. En la Modalidad 10 se cotiza de un salario mínimo a 25 UMA. Con el mínimo, la cuota ronda 2,500 pesos al mes. Consultado el 30 de septiembre de 2026 a través del IMSS y medios nacionales; confirma en el IMSS antes de pagar.",2026-09-30,2027-03-28,,vigente,
lección,tu_patrimonio,M9 U02,"Dato vigente: en 2026, la tasa de retención anual por intereses es de 0.90% sobre el capital (0.50% en 2025). Las pensiones no pagan ISR hasta 15 UMA, es decir, 53,493.30 pesos al mes. Consultado el 29 de septiembre de 2026 a través de la Ley de Ingresos de la Federación 2026, la LISR (art. 93-IV) y el INEGI (UMA 2026).",2026-09-29,2027-03-28,"la Ley de Ingresos de la Federación 2026, la LISR (art. 93-IV) y el INEGI (UMA 2026)",vigente,
lección,tu_patrimonio,M9 U03,"Dato vigente: el tope general de deducciones personales es el menor entre 5 UMA anuales (213,973.20 pesos en 2026) y el 15% de tus ingresos. Consultado el 29 de septiembre de 2026 a través de la LISR (art. 151) y el INEGI.",2026-09-29,2027-03-28,la LISR (art. 151) y el INEGI,vigente,
lección,tu_patrimonio,M10 U01,"Dato vigente: en el Mes del Testamento 2026 hubo descuentos de hasta 50%, con testamentos desde unos 2,750 pesos según el estado. Consultado el 29 de septiembre de 2026 a través de la Secretaría de Gobernación y medios nacionales.",2026-09-29,2027-03-28,la Secretaría de Gobernación y medios nacionales,vigente,
lección,tu_patrimonio,M10 U08,"Dato vigente: las herencias y los donativos entre cónyuges y entre padres e hijos no pagan ISR (Ley del ISR, artículo 93, fracciones XXII y XXIII). Quien presenta declaración anual debe informarlos si pasan de 500,000 pesos. Consultado el 30 de septiembre de 2026 a través del SAT y medios nacionales.",2026-09-30,2027-03-28,,vigente,
lección,tu_patrimonio,M10 U09,"Dato vigente: la ley reconoce la violencia patrimonial y la económica. Lo dice la Ley General de Acceso de las Mujeres a una Vida Libre de Violencia (artículo 6, fracciones III y IV). La Línea de las Mujeres 079, opción 1, da orientación jurídica y psicológica las 24 horas. Consultado el 30 de septiembre de 2026 a través de la Secretaría de las Mujeres.",2026-09-30,2027-03-28,la Secretaría de las Mujeres,vigente,
lección,tu_patrimonio,M10 U10,"Dato vigente: desde 2023, las personas inscritas como deudoras alimentarias morosas no pueden obtener licencia de manejo ni pasaporte. En agosto de 2026 la SRE presentó un anteproyecto para revisar el registro antes de tramitar el pasaporte. Consultado el 30 de septiembre de 2026 a través de medios nacionales.",2026-09-30,2027-03-28,medios nacionales,vigente,
lección,tu_talento,M1 U01,Dato vigente: retención de ISR de 1.25% cuando una persona en RESICO factura a una empresa (artículo 113-J de la LISR). Consultado el 29 de septiembre de 2026 a través del SAT y la LISR.,2026-09-29,2027-03-28,,vigente,
lección,tu_talento,M1 U04,"Dato vigente: al 29 de septiembre de 2026, Revolut y Nu México tienen autorización de la CNBV para operar como bancos. Nu inició operaciones como banco en julio de 2026, según la CNBV y los comunicados de cada institución.  Antes de depositar, confírmalo en el padrón de la CNBV y en el sitio oficial de la institución. Revisa también que tu contrato diga ""Institución de Banca Múltiple"".",2026-09-29,2027-03-28,,vigente,
lección,tu_talento,M1 U04,"Dato vigente: el IPAB protege hasta 400,000 UDIS, unos 3.4 millones de pesos. Consultado el 29 de septiembre de 2026 a través del IPAB. El valor de la UDI cambia cada día.",2026-09-29,2027-03-28,,vigente,
lección,tu_talento,M1 U07,"Dato vigente: Línea de la Vida de la Comisión Nacional de Salud Mental y Adicciones (CONASAMA): 800 911 2000, sin costo, las 24 horas, todos los días. Consultado el 29 de septiembre de 2026 a través de gob.mx/conasama.",2026-09-29,2027-03-28,gob.mx/conasama,vigente,
lección,tu_talento,M2 U01,"Dato vigente: tasas del artículo 113-E de la LISR, sin cambios para 2026. Consultado el 29 de septiembre de 2026 a través del SAT y la LISR.",2026-09-29,2027-03-28,,vigente,
lección,tu_talento,M2 U01,Dato vigente: exclusiones del artículo 113-E de la LISR. Consultado el 29 de septiembre de 2026 a través del SAT. Tu caso concreto confírmalo con tu contador.,2026-09-29,2027-03-28,,vigente,
lección,tu_talento,M2 U02,Dato vigente: tasa general de IVA de 16% y declaración mensual a más tardar el día 17. Consultado el 29 de septiembre de 2026 a través del SAT y la Ley del IVA.,2026-09-29,2027-03-28,,vigente,
lección,tu_talento,M2 U03,Dato vigente: requisitos de las deducciones del artículo 27 y los artículos 103 a 105 de la LISR. Consultado el 29 de septiembre de 2026 a través del SAT.,2026-09-29,2027-03-28,,vigente,
lección,tu_talento,M2 U04,Dato vigente: servicios sin costo de asesoría y quejas de PRODECON. Consultado el 29 de septiembre de 2026 a través de su sitio oficial.,2026-09-29,2027-03-28,su sitio oficial,vigente,
lección,tu_talento,M2 U05,"Dato vigente: tope global de deducciones personales del artículo 151 de la LISR. UMA 2026 publicada por el INEGI en el DOF el 9 de enero de 2026, vigente del 1 de febrero de 2026 al 31 de enero de 2027. Consultado el 29 de septiembre de 2026 a través del SAT, el INEGI y el DOF. Los topes cambian cada año con la UMA.",2026-09-29,2027-03-28,,vigente,
lección,tu_talento,M2 U05,Dato vigente: regla 3.13.7 de la Resolución Miscelánea Fiscal 2026 (DOF 28 de diciembre de 2025) y artículo 113-G de la LISR. Consultado el 29 de septiembre de 2026 a través del SAT. La RMF se publica cada año: revisa la del ejercicio que declaras.,2026-09-29,2027-03-28,,vigente,
lección,tu_talento,M3 U04,Dato vigente: sociedades de gestión colectiva autorizadas por INDAUTOR y funciones de ANDA y ANDI. Consultado el 29 de septiembre de 2026 a través de INDAUTOR y los sitios oficiales de cada organización.,2026-09-29,2027-03-28,INDAUTOR y los sitios oficiales de cada organización,vigente,
lección,tu_talento,M3 U04,"Dato vigente: servicios médicos de la ANDA (cuota de consulta de 250 pesos para agremiados, según medios) y convenio IMSS-ANDA publicado el 20 de septiembre de 2026. Consultado el 29 de septiembre de 2026 a través de la ANDA, el IMSS y medios informativos. Confirma requisitos y costos directamente con la ANDA.",2026-09-29,2027-03-28,"la ANDA, el IMSS y medios informativos. Confirma requisitos y costos directamente con la ANDA",vigente,
lección,tu_talento,M3 U05,"Dato vigente: artículo 93, fracción XXIX, de la LISR y artículo 15, fracción XVI, de la Ley del IVA. Consultado el 29 de septiembre de 2026 a través del SAT y publicaciones fiscales especializadas. El tratamiento de las regalías de intérpretes confírmalo con tu contador.",2026-09-29,2027-03-28,,vigente,
lección,tu_talento,M4 U01,"Dato vigente: funciones de Banco de México, CNBV, CONDUSEF, IPAB, CNSF, CONSAR y Profeco. Consultado el 29 de septiembre de 2026 a través de sus sitios oficiales.",2026-09-29,2027-03-28,sus sitios oficiales,vigente,
lección,tu_talento,M4 U02,"Dato vigente: tipos de entidades y protección de depósitos. Consultado el 29 de septiembre de 2026 a través de la CNBV, el IPAB y CONDUSEF.",2026-09-29,2027-03-28,"la CNBV, el IPAB y CONDUSEF",vigente,
lección,tu_talento,M4 U02,"Dato vigente: al 29 de septiembre de 2026, Nu México y Revolut tienen autorización de la CNBV como bancos. Así lo informan la CNBV y cada institución. Antes de decidir, confírmalo en el padrón de la CNBV y en el sitio oficial de la institución.",2026-09-29,2027-03-28,,vigente,
lección,tu_talento,M4 U03,"Dato vigente: SIPRES, Buró de Entidades Financieras (CONDUSEF) y advertencias de la CNBV. Consultado el 29 de septiembre de 2026 a través de sus sitios oficiales.",2026-09-29,2027-03-28,sus sitios oficiales,vigente,
lección,tu_talento,M4 U04,"Dato vigente: artículo 11 Bis 1 de la Ley para la Transparencia y Ordenamiento de los Servicios Financieros. Consultado el 29 de septiembre de 2026 a través de CONDUSEF. Antes de decidir, confirma las condiciones de tu producto en CONDUSEF o en el sitio oficial de la institución.",2026-09-29,2027-03-28,"CONDUSEF. Antes de decidir, confirma las condiciones de tu producto en CONDUSEF o en el sitio oficial de la institución",vigente,
lección,tu_talento,M4 U04,"Dato vigente: UNE, RECA y REUS de CONDUSEF. Consultado el 29 de septiembre de 2026 a través de su sitio oficial.",2026-09-29,2027-03-28,su sitio oficial,vigente,
lección,tu_talento,M5 U01,"Dato vigente: Buró de Entidades Financieras, SIPRES y padrón de la CNBV. Consultado el 29 de septiembre de 2026 a través de CONDUSEF y la CNBV.",2026-09-29,2027-03-28,CONDUSEF y la CNBV,vigente,
lección,tu_talento,M5 U02,Dato vigente: portabilidad de nómina sin costo y designación de beneficiarios en cuentas bancarias. Consultado el 29 de septiembre de 2026 a través del Banco de México y CONDUSEF.,2026-09-29,2027-03-28,,vigente,
lección,tu_talento,M5 U03,"Dato vigente: opciones de Cetesdirecto (Cetes y BONDDIA, desde 100 pesos) y protección del IPAB para depósitos bancarios. Consultado el 29 de septiembre de 2026 a través de Cetesdirecto y el IPAB. Las tasas cambian: revisa la tasa del día en el sitio oficial.",2026-09-29,2027-03-28,Cetesdirecto y el IPAB. Las tasas cambian: revisa la tasa del día en el sitio oficial,vigente,
lección,tu_talento,M5 U04,Dato vigente: supervisión de aseguradoras por la CNSF y verificación de agentes con cédula. Consultado el 29 de septiembre de 2026 a través de la CNSF y CONDUSEF.,2026-09-29,2027-03-28,la CNSF y CONDUSEF,vigente,
lección,tu_talento,M5 U05,"Dato vigente: el CAT incluye intereses, comisiones y otros costos, sin IVA, y se usa para comparar. Consultado el 29 de septiembre de 2026 a través del Banco de México y CONDUSEF.",2026-09-29,2027-03-28,,vigente,
lección,tu_talento,M5 U06,Dato vigente: registro de casas de empeño ante Profeco y verificación de prestadores en el SIPRES. Consultado el 29 de septiembre de 2026 a través de Profeco y CONDUSEF.,2026-09-29,2027-03-28,Profeco y CONDUSEF,vigente,
lección,tu_talento,M5 U07,"Dato vigente: Ley para la Transparencia y Ordenamiento de los Servicios Financieros, Circular 22/2010 del Banco de México (modificada por la Circular 8/2016) y Registro de Comisiones de CONDUSEF. Consultado el 29 de septiembre de 2026 a través del Banco de México y CONDUSEF. Revisa en tu carátula si tu crédito tiene comisión por pago anticipado.",2026-09-29,2027-03-28,,vigente,
lección,tu_talento,M5 U08,"Dato vigente: las reglas de la CONDUSEF solo permiten a los despachos de cobranza cobrar al deudor, a sus avales y a sus obligados solidarios. No pueden cobrar a referencias personales ni amenazar a familiares o compañeros de trabajo. Las quejas se presentan en el REDECO. Consultado el 30 de septiembre de 2026 a través de la CONDUSEF.",2026-09-30,2027-03-28,la CONDUSEF,vigente,
lección,tu_talento,M6 U02,Dato vigente: reglas de tarjetas de crédito del Banco de México sobre el pago mínimo. Consultado el 29 de septiembre de 2026 a través del Banco de México. Tu estado de cuenta muestra el cálculo de tu pago mínimo.,2026-09-29,2027-03-28,,vigente,
lección,tu_talento,M6 U04,Dato vigente: reporte de crédito especial sin costo una vez cada 12 meses en Buró de Crédito y en Círculo de Crédito. Consultado el 29 de septiembre de 2026 a través de sus sitios oficiales y CONDUSEF.,2026-09-29,2027-03-28,sus sitios oficiales y CONDUSEF,vigente,
lección,tu_talento,M6 U07,Dato vigente: el artículo 110 de la Ley Federal del Trabajo limita los descuentos por anticipos del patrón a 30% del excedente del salario mínimo. Consultado el 30 de septiembre de 2026 a través de la Ley Federal del Trabajo.,2026-09-30,2027-03-28,la Ley Federal del Trabajo,vigente,
lección,tu_talento,M6 U08,Dato vigente: todas las casas de empeño deben estar inscritas en el Registro Público de Casas de Empeño (RPCE) de la PROFECO. Deben tener un contrato de adhesión registrado y renovar su registro cada año. Consultado el 30 de septiembre de 2026 a través de la PROFECO.,2026-09-30,2027-03-28,la PROFECO,vigente,
lección,tu_talento,M7 U01,"Dato vigente: marco legal de las sociedades de información crediticia (Ley para Regular las Sociedades de Información Crediticia y Circular 27/2008 del Banco de México). Consultado el 29 de septiembre de 2026 a través del Banco de México, la CNBV y CONDUSEF.",2026-09-29,2027-03-28,,vigente,
lección,tu_talento,M7 U02,"Dato vigente: existen dos sociedades de información crediticia para personas, y el reporte especial no tiene costo una vez cada 12 meses en cada una. Consultado el 29 de septiembre de 2026 a través de sus sitios oficiales y CONDUSEF.",2026-09-29,2027-03-28,sus sitios oficiales y CONDUSEF,vigente,
lección,tu_talento,M7 U03,Dato vigente: reporte adicional por internet: 47 pesos en Buró de Crédito y desde 34.50 pesos en Círculo de Crédito. Consultado el 29 de septiembre de 2026 a través de los sitios oficiales de Buró de Crédito y Círculo de Crédito y medios informativos. Los precios cambian: revisa el sitio oficial.,2026-09-29,2027-03-28,los sitios oficiales de Buró de Crédito y Círculo de Crédito y medios informativos. Los precios cambian: revisa el sitio oficial,vigente,
lección,tu_talento,M7 U03,"Dato vigente: reporte de crédito especial sin costo una vez cada 12 meses en cada sociedad (Ley para Regular las Sociedades de Información Crediticia, artículo 40). Consultado el 29 de septiembre de 2026 a través de Buró de Crédito, Círculo de Crédito y CONDUSEF.",2026-09-29,2027-03-28,"Buró de Crédito, Círculo de Crédito y CONDUSEF",vigente,
lección,tu_talento,M7 U04,Dato vigente: el reporte especial incluye a quienes consultaron tu información en los últimos 24 meses (Circular 27/2008 del Banco de México). Consultado el 29 de septiembre de 2026 a través del Banco de México.,2026-09-29,2027-03-28,,vigente,
lección,tu_talento,M7 U05,Dato vigente: precios de Mi Score (Buró de Crédito) y Score Crediticio (Círculo de Crédito). Consultado el 29 de septiembre de 2026 a través de sus sitios oficiales y medios informativos. Los precios cambian: revisa el sitio oficial.,2026-09-29,2027-03-28,sus sitios oficiales y medios informativos. Los precios cambian: revisa el sitio oficial,vigente,
lección,tu_talento,M7 U06,"Dato vigente: plazos del artículo 23 de la Ley para Regular las Sociedades de Información Crediticia, según CONDUSEF. Consultado el 29 de septiembre de 2026 a través de CONDUSEF. El valor de la UDI cambia cada día: consúltalo en el Banco de México.",2026-09-29,2027-03-28,CONDUSEF. El valor de la UDI cambia cada día: consúltalo en el Banco de México,vigente,
lección,tu_talento,M7 U06,Dato vigente: artículo 23 de la Ley para Regular las Sociedades de Información Crediticia y guía de CONDUSEF sobre plazos de eliminación. Consultado el 29 de septiembre de 2026 a través de CONDUSEF y el texto de la ley.,2026-09-29,2027-03-28,CONDUSEF y el texto de la ley,vigente,
lección,tu_talento,M7 U07,"Dato vigente: artículos 42 a 44 de la Ley para Regular las Sociedades de Información Crediticia y costos de Círculo de Crédito. Consultado el 29 de septiembre de 2026 a través del texto de la ley, Círculo de Crédito y medios informativos.",2026-09-29,2027-03-28,,vigente,
lección,tu_talento,M7 U08,Dato vigente: costos y condiciones de Bloqueo y Alertas Buró (Buró de Crédito) y de bloqueo y Avísame (Círculo de Crédito). Consultado el 29 de septiembre de 2026 a través de sus sitios oficiales y medios informativos. Los precios cambian: revisa el sitio oficial antes de contratar.,2026-09-29,2027-03-28,sus sitios oficiales y medios informativos. Los precios cambian: revisa el sitio oficial antes de contratar,vigente,
lección,tu_talento,M7 U09,Dato vigente: CONDUSEF advierte que nadie puede eliminar información correcta del historial crediticio antes de los plazos legales. Consultado el 29 de septiembre de 2026 a través de CONDUSEF.,2026-09-29,2027-03-28,CONDUSEF,vigente,
lección,tu_talento,M8 U02,Dato vigente: CONDUSEF recomienda formalizar por escrito cualquier acuerdo de pago y obtener la carta de liquidación. Consultado el 29 de septiembre de 2026 a través de CONDUSEF.,2026-09-29,2027-03-28,CONDUSEF,vigente,
lección,tu_talento,M8 U04,Dato vigente: Disposiciones de carácter general de CONDUSEF en materia de despachos de cobranza (DOF 7 de octubre de 2014). Consultado el 29 de septiembre de 2026 a través del DOF y CONDUSEF.,2026-09-29,2027-03-28,,vigente,
lección,tu_talento,M8 U04,"Dato vigente: CONDUSEF prohíbe a los despachos de cobranza amenazar, ofender o intimidar al deudor, a su familia o a personas ajenas a la deuda. Opera el REDECO para recibir quejas. Consultado el 29 de septiembre de 2026 a través de CONDUSEF.",2026-09-29,2027-03-28,CONDUSEF,vigente,
lección,tu_talento,M8 U06,"Dato vigente: en México, los juegos con apuestas y los casinos, también en línea, necesitan permiso de la Secretaría de Gobernación. Lo pide la Ley Federal de Juegos y Sorteos. Un sitio sin permiso no te protege si no te paga. Consultado el 29 de septiembre de 2026 a través de la Secretaría de Gobernación.",2026-09-29,2027-03-28,la Secretaría de Gobernación,vigente,
lección,tu_talento,M9 U01,"Dato vigente: CONDUSEF y los bancos advierten que nunca te pedirán NIP, contraseñas ni códigos por teléfono o mensaje. Consultado el 29 de septiembre de 2026 a través de CONDUSEF.",2026-09-29,2027-03-28,CONDUSEF,vigente,
lección,tu_talento,M9 U02,Dato vigente: el 088 recibe reportes de fraudes y delitos en línea las 24 horas. Consultado el 29 de septiembre de 2026 a través de la Guardia Nacional.,2026-09-29,2027-03-28,la Guardia Nacional,vigente,
lección,tu_talento,M9 U03,Dato vigente: CONDUSEF recomienda no abrir enlaces de mensajes y reclamar de inmediato cargos no reconocidos. Consultado el 29 de septiembre de 2026 a través de CONDUSEF.,2026-09-29,2027-03-28,CONDUSEF,vigente,
lección,tu_talento,M9 U04,"Dato vigente: servicios de Bloqueo y Alertas de Buró de Crédito, reclamaciones ante sociedades de información crediticia y reporte al 088. Consultado el 29 de septiembre de 2026 a través de Buró de Crédito, CONDUSEF y la Guardia Nacional.",2026-09-29,2027-03-28,"Buró de Crédito, CONDUSEF y la Guardia Nacional",vigente,
lección,tu_talento,M9 U05,"Dato vigente: el 088 recibe reportes de delitos en línea, incluida la extorsión. Consultado el 29 de septiembre de 2026 a través de la Guardia Nacional.",2026-09-29,2027-03-28,la Guardia Nacional,vigente,
lección,tu_talento,M9 U06,"Dato vigente: CONDUSEF y las autoridades recomiendan verificar en el SIPRES, no pagar extorsiones y reportar al 088; teléfono de CONDUSEF 55 5340 0999. Consultado el 29 de septiembre de 2026 a través de CONDUSEF, la Guardia Nacional y medios informativos.",2026-09-29,2027-03-28,"CONDUSEF, la Guardia Nacional y medios informativos",vigente,
lección,tu_talento,M9 U07,Dato vigente: CNBV publica advertencias sobre entidades no autorizadas y CONDUSEF alerta sobre esquemas piramidales. Consultado el 29 de septiembre de 2026 a través de la CNBV y CONDUSEF.,2026-09-29,2027-03-28,la CNBV y CONDUSEF,vigente,
lección,tu_talento,M9 U08,"Dato vigente: REPEP: sin costo, fijo o celular; 55 5568 8722 (Ciudad de México) o 800 468 8722; 30 días para dejar de llamar; no vence. REUS: hasta 45 días naturales; dura dos años; 55 5340 0999 o 800 999 8080. Consultado el 29 de septiembre de 2026 a través de Profeco (repep.profeco.gob.mx) y CONDUSEF (Reglas del Registro Público de Usuarios, DOF).",2026-09-29,2027-03-28,"Profeco (repep.profeco.gob.mx) y CONDUSEF (Reglas del Registro Público de Usuarios, DOF)",vigente,
lección,tu_talento,M9 U08,"Dato vigente: el registro de líneas móviles con CURP empezó el 9 de enero de 2026, por terminación del número, con plazo final el 31 de diciembre de 2026. Sin registro, la línea se suspende salvo para emergencias. La consulta y la desvinculación son sin costo en portal.crt.gob.mx. Consultado el 29 de septiembre de 2026 a través de la Comisión Reguladora de Telecomunicaciones.",2026-09-29,2027-03-28,la Comisión Reguladora de Telecomunicaciones,vigente,
lección,tu_talento,M9 U09,Dato vigente: 088 de la Guardia Nacional para delitos en línea y teléfono de CONDUSEF. Consultado el 29 de septiembre de 2026 a través de la Guardia Nacional y CONDUSEF. Confirma los contactos en sus sitios oficiales.,2026-09-29,2027-03-28,la Guardia Nacional y CONDUSEF. Confirma los contactos en sus sitios oficiales,vigente,
lección,tu_talento,M10 U01,Dato vigente: simuladores y comparativos de seguros de gastos médicos de CONDUSEF y supervisión de aseguradoras por la CNSF. Consultado el 29 de septiembre de 2026 a través de CONDUSEF y la CNSF. Las primas cambian por edad y aseguradora: cotiza directamente.,2026-09-29,2027-03-28,CONDUSEF y la CNSF. Las primas cambian por edad y aseguradora: cotiza directamente,vigente,
lección,tu_talento,M10 U02,Dato vigente: convenio IMSS-ANDA publicado el 20 de septiembre de 2026. Rangos de salario de la Modalidad 10 con UMA y salario mínimo 2026; cuotas estimadas por medios informativos. Consultado el 29 de septiembre de 2026 a través del IMSS y medios informativos. Calcula tu cuota exacta en la calculadora oficial del IMSS.,2026-09-29,2027-03-28,,vigente,
lección,tu_talento,M10 U03,"Dato vigente: búsqueda de productos de seguros para artistas en México y el extranjero. Consultado el 29 de septiembre de 2026 a través de CONDUSEF, la CNSF y aseguradoras. Si te ofrecen una póliza especial, verifica a la aseguradora en la CNSF y lee la definición de incapacidad.",2026-09-29,2027-03-28,"CONDUSEF, la CNSF y aseguradoras. Si te ofrecen una póliza especial, verifica a la aseguradora en la CNSF y lee la definición de incapacidad",vigente,
lección,tu_talento,M10 U04,"Dato vigente: designación de beneficiarios en cuentas bancarias, AFORE y seguros. Consultado el 29 de septiembre de 2026 a través de CONDUSEF y CONSAR.",2026-09-29,2027-03-28,CONDUSEF y CONSAR,vigente,
lección,tu_talento,M10 U05,"Dato vigente: tarifas 2026 de INDAUTOR (artículo 184 de la Ley Federal de Derechos) y del IMPI. La reserva se renueva desde un mes antes hasta un mes después de su vencimiento. La marca exige declarar su uso a los 3 años o caduca. Consultado el 29 de septiembre de 2026 a través de INDAUTOR, el IMPI y medios especializados.",2026-09-29,2027-03-28,"INDAUTOR, el IMPI y medios especializados",vigente,
lección,tu_talento,M10 U06,"Dato vigente: en el Mes del Testamento 2026 (su edición 24), las notarías participantes de las 32 entidades reducen hasta 50% sus honorarios. El precio promedio empieza alrededor de 2,750 pesos, contra 5,000 a 10,000 fuera de la campaña. Necesitas identificación oficial vigente. Consultado el 29 de septiembre de 2026 a través de la Secretaría de Gobernación y medios informativos. Revisa la tarifa de tu estado.",2026-09-29,2027-03-28,la Secretaría de Gobernación y medios informativos. Revisa la tarifa de tu estado,vigente,
lección,tu_talento,M10 U07,"Dato vigente: la Ley sobre el Contrato de Seguro da a la aseguradora 30 días para pagar. Cuentan desde que recibe todos los documentos e información que te pidió. Si no te responde, puedes reclamar sin costo en la CONDUSEF. Consultado el 29 de septiembre de 2026 a través de la CONDUSEF.",2026-09-29,2027-03-28,la CONDUSEF,vigente,
lección,tu_talento,M10 U08,"Dato vigente: en México, los derechos patrimoniales de autor duran toda la vida del autor y 100 años más (Ley Federal del Derecho de Autor, artículo 29). Recibir una herencia no paga ISR (Ley del ISR, artículo 93, fracción XXII). Consultado el 30 de septiembre de 2026 a través de INDAUTOR y el SAT.",2026-09-30,2027-03-28,INDAUTOR y el SAT,vigente,
lección,tu_talento,M11 U01,Dato vigente: tasas de RESICO por ingreso mensual (artículo 113-E de la LISR). Consultado el 29 de septiembre de 2026 a través del SAT.,2026-09-29,2027-03-28,,vigente,
lección,tu_talento,M11 U02,"Dato vigente: tipos de aportación voluntaria y reglas de deducción (artículo 151, fracción V, de la LISR). Consultado el 29 de septiembre de 2026 a través del SAT, CONSAR y AFORE. El plazo mínimo para retirar aportaciones de corto plazo lo fija cada AFORE: consúltalo en la tuya.",2026-09-29,2027-03-28,,vigente,
lección,tu_talento,M11 U02,"Dato vigente: AforeMóvil, e-SAR y SARTEL de CONSAR para localizar y administrar tu AFORE. Consultado el 29 de septiembre de 2026 a través de CONSAR.",2026-09-29,2027-03-28,CONSAR,vigente,
lección,tu_talento,M11 U03,"Dato vigente: artículo 218 de la Ley del Seguro Social, trámite IMSS-02-007, reforma de pensiones (DOF 16 de diciembre de 2020) y UMA 2026. Consultado el 29 de septiembre de 2026 a través del IMSS y medios informativos. Pide al IMSS una proyección de tu pensión antes de decidir.",2026-09-29,2027-03-28,,vigente,
lección,tu_talento,M11 U04,"Dato vigente: el tope de deducción del PPR y de las aportaciones complementarias es 10% de tus ingresos del año. No puede pasar de 5 UMA anuales (213,973.20 pesos en 2026). Está fuera del tope global de deducciones personales.  Si retiras antes de los 65 años (salvo invalidez o incapacidad), te retienen 20%. Además, el retiro se suma a tus ingresos (artículos 142, fracción XVIII, y 151, fracción V, de la LISR). Consultado el 29 de septiembre de 2026 a través del SAT y la LISR.",2026-09-29,2027-03-28,,vigente,
lección,tu_talento,M11 U05,Dato vigente: supervisión de casas de bolsa y operadoras de fondos por la CNBV. Consultado el 29 de septiembre de 2026 a través de la CNBV.,2026-09-29,2027-03-28,la CNBV,vigente,
lección,tu_talento,M11 U06,"Dato vigente: aportaciones a Infonavit en la Modalidad 10 y rangos de gastos de escrituración en 2026. Consultado el 29 de septiembre de 2026 a través del IMSS, Infonavit y medios informativos. El impuesto de adquisición cambia por estado: pide cotización a un notario.",2026-09-29,2027-03-28,,vigente,
lección,tu_trabajo_hogar,M1 U01,"Dato vigente: en 2026, el salario mínimo profesional para personas trabajadoras del hogar es de 342.47 pesos diarios en la zona general, unos 10,400 al mes. En la Zona Libre de la Frontera Norte es de 440.87 diarios. Consultado el 30 de septiembre de 2026 a través de la CONASAMI.",2026-09-30,2027-03-28,la CONASAMI,vigente,
lección,tu_trabajo_hogar,M2 U01,"Dato vigente: Ley Federal del Trabajo, capítulo XIII (personas trabajadoras del hogar, artículos 331 a 343). Aguinaldo de 15 días (artículo 87). Vacaciones de 12 días desde el primer año, con prima de 25% (artículos 76 y 80). Consultado el 30 de septiembre de 2026 a través de la PROFEDET y el Diario Oficial de la Federación.",2026-09-30,2027-03-28,la PROFEDET y el Diario Oficial de la Federación,vigente,
lección,tu_trabajo_hogar,M2 U04,"Dato vigente: los bancos están obligados a ofrecer una cuenta básica sin comisión por manejo de cuenta. La cuenta de ahorro del Banco del Bienestar se abre con 50 pesos, sin saldo mínimo, y cobra 58 pesos al mes si pasa 12 meses sin movimientos. Consultado el 30 de septiembre de 2026 a través de la CONDUSEF y el Banco del Bienestar.",2026-09-30,2027-03-28,la CONDUSEF y el Banco del Bienestar,vigente,
lección,tu_trabajo_hogar,M4 U03,"Dato vigente: las reglas de la CONDUSEF solo permiten a los despachos de cobranza cobrar al deudor, a sus avales y a sus obligados solidarios. No pueden cobrar a referencias personales ni amenazar a familiares. Las quejas se presentan en el REDECO. Consultado el 30 de septiembre de 2026 a través de la CONDUSEF.",2026-09-30,2027-03-28,la CONDUSEF,vigente,
lección,tu_trabajo_hogar,M4 U05,"Dato vigente: Línea Mujeres de Locatel (*0311 o 55 5658 1111, Ciudad de México) y 911 en todo el país. Consultado el 30 de septiembre de 2026 a través de Locatel y el Gobierno de México.",2026-09-30,2027-03-28,Locatel y el Gobierno de México,vigente,
lección,tu_trabajo_hogar,M4 U06,"Dato vigente: desde 2023, las personas inscritas como deudoras alimentarias morosas no pueden obtener licencia de manejo ni pasaporte. En agosto de 2026 la SRE presentó un anteproyecto para revisar el registro antes de tramitar el pasaporte. Consultado el 30 de septiembre de 2026 a través de medios nacionales.",2026-09-30,2027-03-28,medios nacionales,vigente,
lección,tu_trabajo_hogar,M5 U03,"Dato vigente: entre enero y febrero de 2026 la Policía Cibernética de la Ciudad de México recibió más de 5,800 reportes de apps de préstamo fraudulentas. Consultado el 30 de septiembre de 2026 a través de la CONDUSEF y medios nacionales.",2026-09-30,2027-03-28,la CONDUSEF y medios nacionales,vigente,
lección,tu_trabajo_hogar,M5 U06,"Dato vigente: el artículo 110 de la Ley Federal del Trabajo limita los descuentos por anticipos. El tope es 30% de lo que se gana arriba del salario mínimo. En 2026, el salario mínimo de las trabajadoras del hogar es de 342.47 pesos diarios. Consultado el 30 de septiembre de 2026 a través de la Ley Federal del Trabajo y la CONASAMI.",2026-09-30,2027-03-28,la Ley Federal del Trabajo y la CONASAMI,vigente,
lección,tu_trabajo_hogar,M5 U07,Dato vigente: todas las casas de empeño deben estar inscritas en el Registro Público de Casas de Empeño (RPCE) de la PROFECO. Deben tener un contrato de adhesión registrado y renovar su registro cada año. Consultado el 30 de septiembre de 2026 a través de la PROFECO.,2026-09-30,2027-03-28,la PROFECO,vigente,
lección,tu_trabajo_hogar,M6 U01,"Dato vigente: el IMSS permite que cada persona empleadora inscriba a la trabajadora del hogar y pague sus cuotas por separado. Se paga según los días trabajados y el salario, en línea o en la App IMSS Digital. Consultado el 30 de septiembre de 2026 a través del IMSS (esquema de Personas Trabajadoras del Hogar).",2026-09-30,2027-03-28,,vigente,
lección,tu_trabajo_hogar,M6 U02,Dato vigente: las cuotas anuales del Seguro de Salud para la Familia (Modalidad 33) son por persona y según la edad. Están vigentes desde el 1 de marzo de 2026. Consultado el 30 de septiembre de 2026 a través de medios nacionales que citan las tablas del IMSS. Confirma en tu clínica o en el IMSS antes de pagar.,2026-09-30,2027-03-28,medios nacionales que citan las tablas del IMSS. Confirma en tu clínica o en el IMSS antes de pagar,vigente,
lección,tu_trabajo_hogar,M8 U01,"Dato vigente: en 2026, la Pensión Mujeres Bienestar da 3,100 pesos cada dos meses a mujeres de 60 a 64 años. La Pensión para el Bienestar de las Personas Adultas Mayores da 6,400 pesos cada dos meses a partir de los 65 años. Se depositan en la tarjeta del Banco del Bienestar. Consultado el 30 de septiembre de 2026 a través de Programas para el Bienestar.",2026-09-30,2027-03-28,Programas para el Bienestar,vigente,
lección,tu_trabajo_hogar,M8 U02,"Dato vigente: puedes hacer aportaciones voluntarias a la Afore desde 50 pesos, con tu CURP. Se hacen en tiendas como 7-Eleven, Círculo K, Bodega Aurrera y Walmart, en Telecomm, en el Banco del Bienestar y en la app AforeMóvil. Consultado el 30 de septiembre de 2026 a través de la CONSAR.",2026-09-30,2027-03-28,la CONSAR,vigente,
lección,tu_trabajo_hogar,M8 U03,"Dato vigente: en 2026, la Beca Benito Juárez da 1,900 pesos cada dos meses a estudiantes de preparatoria pública. Son cinco depósitos al año, en su tarjeta del Banco del Bienestar. La Beca Rita Cetina es para educación básica pública y sus montos cambian por nivel. Consultado el 30 de septiembre de 2026 a través de Programas para el Bienestar.",2026-09-30,2027-03-28,Programas para el Bienestar,vigente,
lección,tu_trabajo_hogar,M8 U05,"Dato vigente: en el Mes del Testamento 2026 hubo descuentos de hasta 50%, con testamentos desde unos 2,750 pesos según el estado. Consultado el 30 de septiembre de 2026 a través de la Secretaría de Gobernación y medios nacionales.",2026-09-30,2027-03-28,la Secretaría de Gobernación y medios nacionales,vigente,
lección,tu_trabajo_hogar,M8 U06,"Dato vigente: los ingresos por herencia no pagan ISR (Ley del ISR, artículo 93, fracción XXII). Si el monto pasa de 500,000 pesos, quien presenta declaración anual debe informarlo. Consultado el 30 de septiembre de 2026 a través del SAT y medios nacionales.",2026-09-30,2027-03-28,,vigente,
lección,tu_turno,M1 U01,"Dato vigente: salario mínimo general 2026 de 315.04 pesos diarios (9,582.47 al mes) y de 440.87 diarios en la Zona Libre de la Frontera Norte. Con el salario mínimo no se retiene ISR (Ley del ISR, artículo 96). Consultado el 29 de septiembre de 2026 a través de la CONASAMI y la Ley del ISR.",2026-09-29,2027-03-28,la CONASAMI y la Ley del ISR,vigente,
lección,tu_turno,M2 U01,"Dato vigente: los bancos deben ofrecer una cuenta básica sin comisiones de apertura, manejo, retiros ni consultas en sus cajeros. La de nivel 2 permite depósitos de hasta unos 26,000 pesos al mes. Consultado el 29 de septiembre de 2026 a través de Banxico y la Ley de Instituciones de Crédito (art. 48 Bis 2).",2026-09-29,2027-03-28,Banxico y la Ley de Instituciones de Crédito (art. 48 Bis 2),vigente,
lección,tu_turno,M2 U05,"Dato vigente: la meta de inflación del Banco de México es de 3% anual, con un margen de un punto hacia arriba o hacia abajo. Consultado el 30 de septiembre de 2026 a través del Banco de México.",2026-09-30,2027-03-28,,vigente,
lección,tu_turno,M3 U03,"Dato vigente: autoridades y la CONDUSEF alertan sobre préstamos informales «gota a gota». Cobran intereses de hasta 20% diario o semanal, con amenazas y extorsión. Recomiendan pedir crédito solo a instituciones registradas en el SIPRES. Consultado el 29 de septiembre de 2026 a través de la CONDUSEF y medios nacionales.",2026-09-29,2027-03-28,la CONDUSEF y medios nacionales,vigente,
lección,tu_turno,M3 U06,Dato vigente: el artículo 110 de la Ley Federal del Trabajo limita los descuentos por anticipos del patrón a 30% del excedente del salario mínimo. El salario mínimo no se puede embargar (artículo 112). Consultado el 30 de septiembre de 2026 a través de la Ley Federal del Trabajo.,2026-09-30,2027-03-28,la Ley Federal del Trabajo,vigente,
lección,tu_turno,M3 U07,Dato vigente: todas las casas de empeño deben estar inscritas en el Registro Público de Casas de Empeño (RPCE) de la PROFECO. Deben tener un contrato de adhesión registrado y refrendar su registro cada año. Consultado el 30 de septiembre de 2026 a través de la PROFECO.,2026-09-30,2027-03-28,la PROFECO,vigente,
lección,tu_turno,M4 U03,"Dato vigente: Infonavit tiene un modelo de 100 puntos. Pueden precalificar con 100 puntos, en lugar de 1,080, quienes cumplen tres cosas. Ganan entre uno y dos salarios mínimos, cotizan seis meses seguidos o más y no tienen vivienda propia.  La tasa es fija y va de 3.69% a 10.45% anual según el salario. Consultado el 29 de septiembre de 2026 a través de Infonavit y medios especializados.",2026-09-29,2027-03-28,Infonavit y medios especializados,vigente,
lección,tu_turno,M5 U02,"Dato vigente: Buró de Crédito y Círculo de Crédito entregan un reporte sin costo una vez al año, en sus sitios oficiales. Consultado el 29 de septiembre de 2026 a través de sus sitios y la CONDUSEF.",2026-09-29,2027-03-28,sus sitios y la CONDUSEF,vigente,
lección,tu_turno,M5 U04,"Dato vigente: según las reglas de la CONDUSEF, los despachos de cobranza solo pueden cobrar al deudor, a sus avales y a sus obligados solidarios. No pueden cobrar a referencias personales ni amenazar a familiares o compañeros de trabajo. Las quejas se presentan en el REDECO. Consultado el 30 de septiembre de 2026 a través de la CONDUSEF.",2026-09-30,2027-03-28,la CONDUSEF,vigente,
lección,tu_turno,M6 U05,"Dato vigente: en 2026 cada línea de celular se vincula con la CURP de su titular. El plazo final es el 31 de diciembre de 2026. En portal.crt.gob.mx puedes ver qué líneas están a tu nombre y desvincular las que no son tuyas, sin costo. Consultado el 29 de septiembre de 2026 a través de la Comisión Reguladora de Telecomunicaciones.",2026-09-29,2027-03-28,la Comisión Reguladora de Telecomunicaciones,vigente,
lección,tu_turno,M6 U05,"Dato vigente: REPEP: sin costo, fijo o celular, en repep.profeco.gob.mx o al 55 5568 8722 u 800 468 8722; en 30 días deben dejar de llamarte; no vence. REUS: sin costo, surte efecto en hasta 45 días y dura dos años; 55 5340 0999 u 800 999 8080. Consultado el 29 de septiembre de 2026 a través de Profeco y la CONDUSEF.",2026-09-29,2027-03-28,Profeco y la CONDUSEF,vigente,
lección,tu_turno,M7 U05,"Dato vigente: cuotas anuales del Seguro de Salud para la Familia (Modalidad 33) por persona según la edad, vigentes desde el 1 de marzo de 2026. Consultado el 30 de septiembre de 2026 a través de medios nacionales que citan las tablas del IMSS; confirma en el IMSS antes de pagar.",2026-09-30,2027-03-28,medios nacionales que citan las tablas del IMSS; confirma en el IMSS antes de pagar,vigente,
lección,tu_turno,M7 U06,"Dato vigente: en el Mes del Testamento 2026 hubo descuentos de hasta 50%, con testamentos desde unos 2,750 pesos según el estado. Consultado el 30 de septiembre de 2026 a través de la Secretaría de Gobernación y medios nacionales.",2026-09-30,2027-03-28,la Secretaría de Gobernación y medios nacionales,vigente,
lección,tu_turno,M7 U07,"Dato vigente: los ingresos por herencia están exentos de ISR (Ley del ISR, artículo 93, fracción XXII). Quien presenta declaración anual debe informarlos si pasan de 500,000 pesos. Consultado el 30 de septiembre de 2026 a través del SAT y medios nacionales.",2026-09-30,2027-03-28,,vigente,
lección,tu_turno,M7 U08,"Dato vigente: la ley reconoce la violencia patrimonial y la económica. Lo dice la Ley General de Acceso de las Mujeres a una Vida Libre de Violencia (artículo 6, fracciones III y IV). La Línea de las Mujeres 079, opción 1, da orientación jurídica y psicológica las 24 horas. Consultado el 30 de septiembre de 2026 a través de la Secretaría de las Mujeres.",2026-09-30,2027-03-28,la Secretaría de las Mujeres,vigente,
lección,tu_turno,M7 U09,"Dato vigente: desde 2023, las personas inscritas como deudoras alimentarias morosas no pueden obtener licencia de manejo ni pasaporte. En agosto de 2026 la SRE presentó un anteproyecto para revisar el registro antes de tramitar el pasaporte. Consultado el 30 de septiembre de 2026 a través de medios nacionales.",2026-09-30,2027-03-28,medios nacionales,vigente,
lección,tu_turno,M8 U01,"Dato vigente: puedes hacer aportaciones voluntarias a tu AFORE desde 50 pesos en tiendas participantes con tu CURP, o desde la app AforeMóvil. Consultado el 29 de septiembre de 2026 a través de la CONSAR.",2026-09-29,2027-03-28,la CONSAR,vigente,
lección,your_business_us_en,M1 U02,"Current fact: the FDIC insures deposits at banks up to $250,000 per depositor, per bank, per ownership category; the NCUA protects the same at credit unions. Accessed September 29, 2026 through the FDIC and NCUA.",2026-09-29,2027-03-28,the FDIC and NCUA,vigente,
lección,your_business_us_en,M1 U04,"Current fact: the IRS standard mileage rate for business use is 72.5 cents per mile from January to June 2026 and 76 cents per mile from July 1, 2026. Accessed September 29, 2026 through the IRS (Notice 2026-10 and Internal Revenue Bulletin 2026-29).",2026-09-29,2027-03-28,the IRS (Notice 2026-10 and Internal Revenue Bulletin 2026-29),vigente,
lección,your_business_us_en,M1 U05,"Current fact: online sports betting is not legal in California, and since January 1, 2026, online sweepstakes casinos are also banned under AB 831. Rules vary by state. Accessed September 29, 2026 through legal sources and specialized media.",2026-09-29,2027-03-28,legal sources and specialized media,vigente,
lección,your_business_us_en,M3 U04,"Current fact: the Federal Reserve's long-run inflation goal is 2% a year. The Bureau of Labor Statistics (BLS) publishes the Consumer Price Index (CPI) every month. Accessed September 30, 2026 through the Federal Reserve and the BLS.",2026-09-30,2027-03-28,the Federal Reserve and the BLS,vigente,
lección,your_business_us_en,M4 U01,"Current fact: payment processors commonly charge between 2.6% and 3.5% per card payment, plus a flat fee of a few cents per transaction. Remote payments usually cost more than in-person ones. Accessed September 29, 2026 through processors' published rates.",2026-09-29,2027-03-28,processors' published rates,vigente,
lección,your_business_us_en,M5 U01,"Current fact: in California, an LLC pays an $800 minimum annual tax to the Franchise Tax Board, even with no income, until it is formally dissolved. It also files a Statement of Information every two years with the Secretary of State. Accessed September 29, 2026 through the California Franchise Tax Board and Secretary of State.",2026-09-29,2027-03-28,the California Franchise Tax Board and Secretary of State,vigente,
lección,your_business_us_en,M5 U02,"Current fact: in California, construction or repair jobs over $1,000 in total need a Contractors State License Board (CSLB) license. Labor and materials count, and jobs that require a permit need it too. Accessed September 29, 2026 through the CSLB (AB 2622, effective January 1, 2025).",2026-09-29,2027-03-28,"the CSLB (AB 2622, effective January 1, 2025)",vigente,
lección,your_business_us_en,M5 U03,"Current fact: self-employment tax is 15.3% (12.4% Social Security and 2.9% Medicare) on 92.35% of your net profit; you pay it if you earn $400 or more. The Social Security portion applies up to $184,500 in 2026. The 20% qualified business income (QBI) deduction became permanent starting in 2026. Accessed September 29, 2026 through the IRS and the One Big Beautiful Bill Act.",2026-09-29,2027-03-28,the IRS and the One Big Beautiful Bill Act,vigente,
lección,your_business_us_en,M5 U04,"Current fact: the estimated tax due dates for tax year 2026 are April 15, June 15 and September 15, 2026, and January 15, 2027. Accessed September 29, 2026 through the IRS (Form 1040-ES).",2026-09-29,2027-03-28,the IRS (Form 1040-ES),vigente,
lección,your_business_us_en,M5 U04,"Current fact: starting with 2026 payments, Form 1099-NEC is sent when a business pays you $2,000 or more in the year (previously $600). Form 1099-K is sent by platforms and processors when your payments exceed $20,000 and 200 transactions. All income is reported even if you don't receive a form. Accessed September 29, 2026 through the IRS and the One Big Beautiful Bill Act.",2026-09-29,2027-03-28,the IRS and the One Big Beautiful Bill Act,vigente,
lección,your_business_us_en,M5 U05,"Current fact: in California, the base statewide sales tax rate is 7.25%, and many cities and counties add local rates. Selling taxable products requires a seller's permit from the CDTFA, which costs nothing. Accessed September 29, 2026 through the CDTFA.",2026-09-29,2027-03-28,the CDTFA,vigente,
lección,your_business_us_en,M6 U02,"Current fact: the SBA microloan program offers loans of up to $50,000 through nonprofit organizations, which often also provide coaching. Since April 1, 2026, all business owners must be U.S. citizens or nationals. People with an ITIN, green card or visa can look for CDFIs that lend their own funds. Accessed September 30, 2026 through the SBA (policy notice 5000-877232).",2026-09-30,2027-03-28,"nonprofit organizations, which often also provide coaching. Since April 1, 2026, all business owners must be U.S. citizens or nationals. People with an ITIN, green card or visa can look for CDFIs that lend their own funds. Accessed September 30, 2026 through the SBA (policy notice 5000-877232)",vigente,
lección,your_business_us_en,M6 U05,"Current fact: the federal Fair Debt Collection Practices Act (FDCPA) only lets a collector contact other people to find out how to locate you. It forbids telling them you owe a debt. A cosigner may have to pay the full amount, plus late fees or collection costs. Accessed September 30, 2026 through the CFPB and the FTC.",2026-09-30,2027-03-28,the CFPB and the FTC,vigente,
lección,your_business_us_en,M7 U04,"Current fact: the USPTO base trademark application fee is $350 per class. Extra charges may apply if the description isn't from the ID Manual or information is missing. Accessed September 29, 2026 through the USPTO (fees in effect since January 18, 2025).",2026-09-29,2027-03-28,"the USPTO (fees in effect since January 18, 2025)",vigente,
lección,your_business_us_en,M7 U05,"Current fact: freezing and unfreezing your credit costs nothing at Equifax, Experian and TransUnion; you must ask all three. An initial fraud alert costs nothing, lasts one year and you only need to ask one bureau. You can see your reports at no cost every week at AnnualCreditReport.com. Accessed September 29, 2026 through the FTC.",2026-09-29,2027-03-28,the FTC,vigente,
lección,your_business_us_en,M7 U05,"Current fact: the National Do Not Call Registry costs nothing and your registration never expires. Your number shows up the next day, and companies have up to 31 days to stop calling. Accessed September 29, 2026 through the FTC (donotcall.gov).",2026-09-29,2027-03-28,the FTC (donotcall.gov),vigente,
lección,your_business_us_en,M7 U07,"Current fact: SBA disaster loans go up to $500,000 to repair a primary residence and $100,000 for personal property. For businesses, up to $2 million for physical damage or working capital. The rate is no more than 4% if you can't get credit elsewhere. Accessed September 29, 2026 through the SBA.",2026-09-29,2027-03-28,the SBA,vigente,
lección,your_business_us_en,M8 U01,"Current fact: California's minimum wage is $16.90 an hour in 2026 (the federal minimum is $7.25, and many cities have a higher one). Accessed September 29, 2026 through the California Department of Industrial Relations and the U.S. Department of Labor.",2026-09-29,2027-03-28,the California Department of Industrial Relations and the U.S. Department of Labor,vigente,
lección,your_business_us_en,M9 U01,"Current fact: in 2026 you earn one Social Security credit for every $1,890 in earnings, up to 4 credits a year ($7,560). Accessed September 29, 2026 through the Social Security Administration (SSA).",2026-09-29,2027-03-28,the Social Security Administration (SSA),vigente,
lección,your_business_us_en,M9 U01,"Current fact: for 2026, the IRA contribution limit is $7,500 ($8,600 at age 50 or older). A SEP IRA allows up to 25% of compensation and a maximum of $72,000. A Solo 401(k) allows $24,500 as the employee and $72,000 in total, not counting age-based catch-up contributions. Accessed September 29, 2026 through the IRS.",2026-09-29,2027-03-28,the IRS,vigente,
lección,your_business_us_en,M9 U04,"Current fact: the federal estate tax only applies to estates over 15 million dollars per person in 2026; California has no inheritance tax. Accessed September 30, 2026 through the IRS and specialized media.",2026-09-30,2027-03-28,the IRS and specialized media,vigente,
lección,your_money_en,M5 U04,"Current fact: CalHFA's Dream For All mortgage requires each borrower to be a citizen or a ""qualified alien"" under federal law. In 2024, AB 1840, a bill to open the program to people with an ITIN, was vetoed. Accessed October 6, 2026 through CalHFA and California news outlets.",2026-10-06,2027-04-06,CalHFA and California news outlets,vigente,
lección,your_money_en,M5 U12,"Current fact: the federal estate tax only applies to estates over 15 million dollars per person in 2026. Inheritances and gifts from foreign persons over 100,000 dollars are reported on Form 3520. Accessed September 30, 2026 through the IRS and specialized media.",2026-09-30,2027-03-28,the IRS and specialized media,vigente,
programa,"tu_patrimonio, tu_talento, tu_turno, tu_trabajo_hogar, tu_idea, tu_negocio_mx, tu_regreso, back_home_en, tu_pension, tu_costa, tu_comunidad, tu_autonomia, tu_ruta, tu_temporada",orientaciones,Dónde te orientan sin costo,2026-10-06,2027-10-06,**CONDUSEF** (Gobierno de México · español): https://www.condusef.gob.mx,vigente,
programa,"tu_dinero_es, your_money_en, tu_negocio_us_es, your_business_us_en",orientaciones_us,Dónde te orientan sin costo en Estados Unidos,2026-10-06,2027-10-06,**211** (United Way · inglés y español): https://www.211.org,vigente,
programa,"tu_patrimonio, tu_talento, tu_turno, tu_trabajo_hogar, tu_idea, tu_negocio_mx, tu_regreso, back_home_en, tu_pension, tu_costa, tu_comunidad, tu_autonomia, tu_ruta, tu_temporada",estatales,Apoyos de tu estado y tu municipio,2026-10-06,2027-10-06,,vigente,
programa,"tu_dinero_es, your_money_en, tu_negocio_us_es, your_business_us_en",consulado,Tu consulado te protege,2026-10-06,2027-04-06,**Consulados de México** (SRE · español): https://consulmex.sre.gob.mx,vigente,
programa,tu_temporada,consulado_h2a,Si estás en Estados Unidos con la H-2A,2026-10-06,2027-04-06,**Consulados de México** (SRE · español): https://consulmex.sre.gob.mx,vigente,
programa,tu_temporada,sne_movilidad,Trabajo temporal con el Servicio Nacional de Empleo,2026-10-06,2027-04-06,**Servicio Nacional de Empleo** (STPS · español): https://www.empleo.gob.mx,vigente,
programa,tu_temporada,canada_denuncia,En Canadá: si tu empleador abusa,2026-10-06,2027-04-06,**Tus derechos como trabajador temporal** (Gobierno de Canadá · inglés y francés): https://www.canada.ca/en/employment-social-development/services/foreign-workers/protected-rights.html,vigente,
programa,"tu_dinero_es, your_money_en, tu_negocio_us_es, your_business_us_en",ventanillas,Ventanillas del consulado y tu comunidad,2026-10-06,2027-04-06,**Ventanilla de Asesoría Financiera** (IME · español): https://www.gob.mx/ime/acciones-y-programas/ventanilla-de-asesoria-financiera,vigente,
programa,"tu_dinero_es, your_money_en, tu_negocio_us_es, your_business_us_en, tu_temporada",finabien_paisano,Tarjeta FINABIEN Paisano para enviar dinero,2026-10-06,2027-04-06,**Tarjeta FINABIEN Paisano** (FINABIEN · español): https://www.gob.mx/finabien,vigente,
programa,"tu_regreso, back_home_en, tu_dinero_es, your_money_en, tu_negocio_us_es, your_business_us_en",mexico_te_abraza,México te Abraza: si regresas a México,2026-10-06,2027-04-06,**México te Abraza** (SEGOB · español): https://portales.segob.gob.mx/es/PoliticaMigratoria/Mexico-te-abraza,vigente,
programa,"tu_patrimonio, tu_talento, tu_turno, tu_trabajo_hogar, tu_idea, tu_negocio_mx, tu_regreso, back_home_en, tu_pension, tu_costa, tu_comunidad, tu_autonomia, tu_ruta, tu_temporada",pensiones,Pensiones para el Bienestar,2026-10-06,2027-04-06,**Programas para el Bienestar** (Gobierno de México · español): https://programasparaelbienestar.gob.mx,vigente,
programa,"tu_patrimonio, tu_talento, tu_turno, tu_trabajo_hogar, tu_idea, tu_negocio_mx, tu_regreso, back_home_en, tu_pension, tu_costa, tu_comunidad, tu_autonomia, tu_ruta, tu_temporada",becas,Becas para estudiantes,2026-10-06,2027-04-06,**Becas para el Bienestar** (Gobierno de México · español): https://www.gob.mx/becasbenitojuarez,vigente,
programa,"tu_idea, tu_regreso, back_home_en, tu_comunidad, tu_costa, tu_temporada, tu_trabajo_hogar, tu_turno, tu_ruta",jovenes,Jóvenes Construyendo el Futuro,2026-10-06,2027-04-06,**Jóvenes Construyendo el Futuro** (STPS · español): https://jovenesconstruyendoelfuturo.stps.gob.mx,vigente,
programa,"tu_patrimonio, tu_talento, tu_turno, tu_trabajo_hogar, tu_idea, tu_negocio_mx, tu_regreso, back_home_en, tu_pension, tu_costa, tu_comunidad, tu_autonomia, tu_ruta, tu_temporada",vivienda,Vivienda para el Bienestar (subsidio),2026-10-06,2027-04-06,**Vivienda para el Bienestar** (CONAVI · español): https://www.gob.mx/conavi,vigente,
programa,"tu_turno, tu_trabajo_hogar, tu_ruta, tu_idea",subsidio_empleo,Subsidio para el empleo en tu nómina,2026-10-06,2027-04-06,**Recibos de nómina** (SAT · español): https://www.sat.gob.mx,vigente,
programa,"tu_trabajo_hogar, tu_turno, tu_autonomia, tu_ruta, tu_patrimonio, tu_negocio_mx, tu_comunidad, tu_costa, tu_regreso, back_home_en, tu_idea",madres,Apoyo para madres y padres que trabajan,2026-10-06,2027-04-06,**Madres Trabajadoras** (Gobierno de México · español): https://www.programasparaelbienestar.gob.mx/programas/mujeres/programa-de-madres-trabajadoras/,vigente,
programa,"tu_autonomia, tu_trabajo_hogar, tu_patrimonio, tu_turno, tu_comunidad, tu_costa, tu_pension, tu_regreso, back_home_en, tu_idea, tu_negocio_mx, tu_ruta, tu_talento, tu_temporada",mujeres,Secretaría de las Mujeres: Centros LIBRE y Línea 079,2026-10-06,2027-04-06,**Secretaría de las Mujeres** (Gobierno de México · español): https://www.gob.mx/mujeres,vigente,
programa,"tu_autonomia, tu_negocio_mx, tu_patrimonio, tu_trabajo_hogar, tu_comunidad, tu_costa, tu_regreso, back_home_en, tu_talento, tu_ruta, tu_turno",creditos_mujeres,Créditos a la palabra para mujeres (FINABIEN),2026-10-06,2027-04-06,**FINABIEN** (Gobierno de México · español): https://www.gob.mx/finabien,vigente,
programa,"tu_comunidad, tu_costa",inpi,El INPI: programas para pueblos indígenas y afromexicanos,2026-10-06,2027-04-06,**Programas del INPI** (Gobierno de México · español): https://www.gob.mx/inpi,vigente,
programa,"tu_comunidad, tu_costa, tu_autonomia",credito_palabra,Crédito a la palabra para artesanas (ApoyArte),2026-10-06,2027-04-06,**FINABIEN** (Gobierno de México · español): https://www.gob.mx/finabien,vigente,
programa,"tu_negocio_mx, tu_comunidad, tu_costa, tu_autonomia, tu_trabajo_hogar, tu_idea, tu_regreso",inaes,INAES: apoyos para grupos y cooperativas,2026-10-06,2027-04-06,**INAES** (Gobierno de México · español): https://www.gob.mx/inaes,vigente,
programa,"tu_comunidad, tu_costa, tu_temporada, tu_regreso",campo,Apoyos para el campo,2026-10-06,2027-04-06,**Producción para el Bienestar** (Gobierno de México · español): https://programasparaelbienestar.gob.mx/produccion-para-el-bienestar/,vigente,
programa,"tu_comunidad, tu_costa, tu_temporada, tu_regreso",precio_justo,Vender tu cosecha a un precio justo,2026-10-06,2027-04-06,**Precios de garantía y acopio** (Programas para el Bienestar · español): https://programasparaelbienestar.gob.mx/precios-de-garantia/,vigente,
programa,"tu_comunidad, tu_costa, tu_temporada, tu_regreso, tu_negocio_mx",cosechando,"Cosechando Soberanía: crédito para el campo, la pesca y tortillerías",2026-10-06,2027-04-06,**Cosechando Soberanía** (Secretaría de Agricultura · español): https://www.gob.mx/agricultura,vigente,
programa,tu_costa,bienpesca,Bienpesca: apoyo para pescadores,2026-10-06,2027-04-06,**Bienpesca** (Gobierno de México · español): https://programasparaelbienestar.gob.mx/bienpesca/,vigente,
programa,"tu_comunidad, tu_costa, tu_temporada, tu_regreso, tu_pension, tu_autonomia",plan_lazaro_cardenas,Plan Regional Lázaro Cárdenas y cuenca del Balsas,2026-10-06,2027-04-06,**Programa Regional Lázaro Cárdenas del Río** (Diario Oficial · español): https://sidof.segob.gob.mx/notas/docFuente/5787696,vigente,
programa,"tu_idea, tu_regreso, back_home_en, tu_pension, tu_costa, tu_comunidad, tu_autonomia, tu_temporada",banco_bienestar,Banco del Bienestar,2026-10-06,2027-04-06,**Banco del Bienestar** (Gobierno de México · español): https://www.gob.mx/bancodelbienestar,vigente,
programa,"tu_dinero_es, your_money_en, tu_negocio_us_es, your_business_us_en, tu_temporada",paisano,Si viajas a México: Héroes Paisanos,2026-10-06,2027-01-06,**Equipaje y franquicia** (Aduanas de México · español): https://www.anam.gob.mx/equipaje-y-franquicia/,vigente,
programa,"tu_patrimonio, tu_talento, tu_turno, tu_trabajo_hogar, tu_idea, tu_negocio_mx, tu_regreso, back_home_en, tu_pension, tu_costa, tu_comunidad, tu_autonomia, tu_ruta, tu_temporada, tu_dinero_es, your_money_en, tu_negocio_us_es, your_business_us_en",snef,Semana Nacional de Educación Financiera,2026-10-06,2027-03-06,**SNEF** (CONDUSEF · español): https://eduweb.condusef.gob.mx/snef/index.html,vigente,
fecha,"tu_patrimonio, tu_talento, tu_turno, tu_trabajo_hogar, tu_idea, tu_negocio_mx, tu_regreso, back_home_en, tu_pension, tu_costa, tu_comunidad, tu_autonomia, tu_ruta, tu_temporada, tu_dinero_es, your_money_en, tu_negocio_us_es, your_business_us_en",2026-10-15 a 2026-10-18,"SNEF 2026 en la Ciudad de México, sin costo. Su plataforma en línea sigue abierta hasta el 31 de marzo de 2027.",2026-10-06,2026-10-15,,vigente,
fecha,"tu_dinero_es, your_money_en, tu_negocio_us_es, your_business_us_en",2026-11-20 a 2026-11-20,"Termina «Directo a México», el servicio de envíos del Banco de México. Si lo usabas, elige otra forma de enviar y compara cuánto recibe tu familia.",2026-10-06,2026-11-20,,vigente,
fecha,"tu_dinero_es, your_money_en, tu_negocio_us_es, your_business_us_en, tu_temporada",2026-11-25 a 2027-01-08,"Héroes Paisanos, invierno: por tierra puedes llevar mercancía de hasta 500 dólares sin pagar impuestos.",2026-10-06,2026-11-25,,vigente,
fecha,"tu_talento, tu_negocio_mx, tu_patrimonio, tu_idea, tu_ruta, tu_turno, tu_trabajo_hogar",2027-04-01 a 2027-04-30,Declaración anual de personas físicas ante el SAT. Es sin costo en el portal del SAT; no necesitas gestores.,2026-10-06,2027-04-01,,vigente,
fecha,"tu_dinero_es, your_money_en, tu_negocio_us_es, your_business_us_en, tu_temporada",2027-01-26 a 2027-04-15,Temporada de impuestos en EE. UU.: la fecha límite es el 15 de abril de 2027. Busca ayuda sin costo en VITA.,2026-10-06,2027-01-26,,vigente,
fecha,"tu_patrimonio, tu_talento, tu_turno, tu_trabajo_hogar, tu_idea, tu_negocio_mx, tu_regreso, back_home_en, tu_pension, tu_costa, tu_comunidad, tu_autonomia, tu_ruta, tu_temporada, tu_dinero_es, your_money_en, tu_negocio_us_es, your_business_us_en",2027-03-31 a 2027-03-31,Cierra la plataforma en línea de la SNEF 2026.,2026-10-06,2027-03-31,,vigente,
